{"type":"FeatureCollection","name":"Censo 2022 · Gobierno local Santa Fe","generated_at":"2026-09-12","source":{"statistical":"INDEC · Censo Nacional de Población, Hogares y Viviendas 2022 · REDATAM","geometry":"Cartografía de radios censales · CONICET","processing":"ciut-redatam / Source Cooperative"},"scope":"Población en viviendas particulares del gobierno local Santa Fe (código 820147)","totals":{"radios":568,"population_private_dwellings":405264,"dwellings":164604,"households":149903,"rented_households":35149,"occupied_dwellings":147723,"rented_pct":23.4},"features":[{"type":"Feature","id":"820630312","properties":{"radio":"820630312","population":798,"dwellings":269,"households":244,"rented_households":14,"occupied_dwellings":237,"rented_pct":5.7,"source":"INDEC · Censo 2022"},"geometry":{"type":"Polygon","coordinates":[[[-60.62119970016755,-31.646063430269646],[-60.61857599970038,-31.643077529696882],[-60.61899899031651,-31.64088849964349],[-60.61500911040569,-31.64090778976853],[-60.6138963403138,-31.63680071004778],[-60.60856870006163,-31.637750619941997],[-60.60914103020388,-31.640651840235584],[-60.60904882981805,-31.641062619969347],[-60.6079250598555,-31.64089663005349],[-60.605980400403176,-31.6409374396381],[-60.60458585036623,-31.64046606991038],[-60.59833378978777,-31.637032420196977],[-60.59698369018772,-31.63442788985122],[-60.59664494986712,-31.635029199949518],[-60.595556199827605,-31.635381499747233],[-60.598195220163625,-31.64255689979206],[-60.599301649946256,-31.642484070000016],[-60.59965087989442,-31.642694370065737],[-60.59971779989152,-31.64408740967295],[-60.599114060155365,-31.64693105966485],[-60.599275459564154,-31.65072709024695],[-60.59859911978336,-31.651298419742677],[-60.59876720984439,-31.654494689794404],[-60.599095410231754,-31.6563509497962],[-60.59958250013499,-31.658319200166233],[-60.60002126965911,-31.65850651990984],[-60.60090870005693,-31.65878192003307],[-60.60297731983195,-31.658285169865064],[-60.605105429638336,-31.658022579851394],[-60.60548266995539,-31.658476220348703],[-60.606983060397425,-31.65815795966407],[-60.608144800350416,-31.657647389784703],[-60.62119970016755,-31.646063430269646]]]}},{"type":"Feature","id":"820630313","properties":{"radio":"820630313","population":819,"dwellings":345,"households":275,"rented_households":37,"occupied_dwellings":272,"rented_pct":13.5,"source":"INDEC · Censo 2022"},"geometry":{"type":"Polygon","coordinates":[[[-60.580734059623374,-31.619027039824502],[-60.5834591897676,-31.619993130254784],[-60.58354172967085,-31.619708669819335],[-60.58300182960869,-31.61932334010844],[-60.58297881027953,-31.61901230969644],[-60.58356130036762,-31.61862185029822],[-60.584067780406286,-31.618718740114062],[-60.58475088989105,-31.618408979823297],[-60.584669119844,-31.618815189974335],[-60.58511911022432,-31.61914681994366],[-60.58527734037678,-31.620011870121115],[-60.5847984296342,-31.620113270188803],[-60.58381106974586,-31.619802139912718],[-60.58359699043388,-31.620118760263782],[-60.58667968958705,-31.621791099895923],[-60.58788986041193,-31.623169879940743],[-60.588339629806704,-31.624299640192763],[-60.59012563959333,-31.625892180041916],[-60.59112570974464,-31.626532380129184],[-60.59245421025202,-31.625773179632183],[-60.593046689606076,-31.62612666031388],[-60.59385698975529,-31.62509477992349],[-60.597831339591494,-31.624399849963993],[-60.59816057034648,-31.62479061020734],[-60.60071341978888,-31.624314169839874],[-60.59902111955774,-31.623388709781576],[-60.59914660971137,-31.62323480019977],[-60.592013309924056,-31.619394619868416],[-60.58917681024416,-31.617491299740315],[-60.580734059623374,-31.619027039824502]]]}},{"type":"Feature","id":"820630314","properties":{"radio":"820630314","population":1108,"dwellings":402,"households":352,"rented_households":46,"occupied_dwellings":348,"rented_pct":13.1,"source":"INDEC · Censo 2022"},"geometry":{"type":"Polygon","coordinates":[[[-60.62776795964116,-31.629658260335322],[-60.62733392962847,-31.62309492988099],[-60.62383938974846,-31.620627460163412],[-60.60197972004768,-31.62455170993442],[-60.59923550968683,-31.623126170362593],[-60.59914660971137,-31.62323480019977],[-60.60923655974613,-31.62862521977698],[-60.62580688976521,-31.6256366198293],[-60.62627961021716,-31.626188940355686],[-60.62690537035589,-31.627556679785357],[-60.62686083996894,-31.62877440035006],[-60.626281099623924,-31.629557340303577],[-60.62617737025975,-31.63059498036964],[-60.627142159976565,-31.62985973981478],[-60.62776795964116,-31.629658260335322]]]}},{"type":"Feature","id":"820630315","properties":{"radio":"820630315","population":1117,"dwellings":410,"households":360,"rented_households":26,"occupied_dwellings":356,"rented_pct":7.2,"source":"INDEC · Censo 2022"},"geometry":{"type":"Polygon","coordinates":[[[-60.60835930995543,-31.62825513983131],[-60.62202177004361,-31.635737789835233],[-60.62127934030906,-31.63505149019325],[-60.622960820332615,-31.635873000191186],[-60.6230912700849,-31.634884840204684],[-60.62259115999993,-31.633390209939076],[-60.6228223998288,-31.632500759925914],[-60.62515836991045,-31.63189412001848],[-60.62554661009816,-31.631630679885845],[-60.62609557955144,-31.631758760084864],[-60.62584629975503,-31.63073638979799],[-60.62617737025975,-31.63059498036964],[-60.626281099623924,-31.629557340303577],[-60.62686083996894,-31.62877440035006],[-60.626829539969485,-31.62725042995351],[-60.62580688976521,-31.6256366198293],[-60.60923655974613,-31.62862521977698],[-60.60835930995543,-31.62825513983131]]]}},{"type":"Feature","id":"820630316","properties":{"radio":"820630316","population":963,"dwellings":346,"households":325,"rented_households":15,"occupied_dwellings":320,"rented_pct":4.6,"source":"INDEC · Censo 2022"},"geometry":{"type":"Polygon","coordinates":[[[-60.62819240013816,-31.640270919850867],[-60.62654947041672,-31.64128907004993],[-60.62270877013188,-31.644712330205596],[-60.623401060398834,-31.644979510380285],[-60.63003569010058,-31.645524109892868],[-60.632183909592925,-31.645950890202926],[-60.63614689035089,-31.64582298020391],[-60.63708897964049,-31.644839779823258],[-60.63702340981127,-31.643726319822843],[-60.63669200962486,-31.64305158962211],[-60.63368715038938,-31.643765480108666],[-60.63273379981936,-31.640753529838978],[-60.62940279015199,-31.640774500222797],[-60.628978140347506,-31.640330180217763],[-60.62819240013816,-31.640270919850867]]]}},{"type":"Feature","id":"820630317","properties":{"radio":"820630317","population":657,"dwellings":280,"households":245,"rented_households":17,"occupied_dwellings":245,"rented_pct":6.9,"source":"INDEC · Censo 2022"},"geometry":{"type":"Polygon","coordinates":[[[-60.584067780406286,-31.618718740114062],[-60.58356130036762,-31.61862185029822],[-60.58291084015187,-31.619098289977888],[-60.58354172967085,-31.619708669819335],[-60.5834591897676,-31.619993130254784],[-60.580734059623374,-31.619027039824502],[-60.57933394991312,-31.61928591976164],[-60.57989446990432,-31.61959902994569],[-60.57992778033338,-31.62072167974896],[-60.57971351956171,-31.621011249991447],[-60.57349417023602,-31.62169316989927],[-60.568297899611004,-31.621644260320554],[-60.55790090002225,-31.619913450210326],[-60.556082039743984,-31.61977256974587],[-60.549421770327406,-31.619869039932706],[-60.54665263980224,-31.620331850193878],[-60.54466631019884,-31.62129630004198],[-60.53931168006396,-31.623023539745695],[-60.53784212968394,-31.624066870270447],[-60.53604421991473,-31.62667177027756],[-60.53433432977201,-31.631783439764234],[-60.533327150353564,-31.636305940308436],[-60.532475429784895,-31.638528060359775],[-60.529818520398315,-31.644022390018307],[-60.52880641012726,-31.647733199714157],[-60.52682980029522,-31.650555159779653],[-60.52450514988444,-31.653378510005577],[-60.52078135006246,-31.656784719786792],[-60.51771001998751,-31.658113920147105],[-60.51600481994888,-31.65863489035294],[-60.51439246977803,-31.658785689688514],[-60.51208180972949,-31.658497370247805],[-60.51037180011084,-31.658143479653653],[-60.50326260032597,-31.65371656009675],[-60.50163782016653,-31.653506509780982],[-60.50002553018279,-31.653657130092636],[-60.49926215982066,-31.654832530129767],[-60.498077379877266,-31.658047760282084],[-60.49689373989598,-31.65951338019206],[-60.4951941902605,-31.661125279627885],[-60.49392226025981,-31.661860710313082],[-60.49144786967433,-31.66251959975237],[-60.48854564026511,-31.662025700150775],[-60.48555192013913,-31.66218143029269],[-60.484277599721494,-31.662474859630162],[-60.48317389003756,-31.66313740026737],[-60.48257666039227,-31.663870160354286],[-60.482412099812,-31.664673430301658],[-60.48327034035297,-31.665472829875956],[-60.48651848043541,-31.66757985037174],[-60.48737716025256,-31.668451370035974],[-60.48406167976149,-31.669636399705404],[-60.48039019961827,-31.669280510193747],[-60.47893238033754,-31.66877194034639],[-60.476965130052434,-31.667615910242333],[-60.47509526972056,-31.669011740038368],[-60.47030832992949,-31.66910162988059],[-60.46955059020755,-31.669397519849095],[-60.466389070176405,-31.671902739922494],[-60.46446297979931,-31.670525420258627],[-60.463436780351344,-31.66879308025619],[-60.46139402037841,-31.666189620214055],[-60.46002807988662,-31.66503565981483],[-60.45815747035979,-31.6641721003802],[-60.45628791006521,-31.662438219721814],[-60.455262650255015,-31.66085010971899],[-60.453560170315086,-31.659841580212614],[-60.450504959609596,-31.659270710020728],[-60.44694579043649,-31.659138920252357],[-60.44473939963959,-31.658564929844506],[-60.44252685987459,-31.656687739631725],[-60.435402640258154,-31.655115960196067],[-60.43319318979942,-31.654983689676776],[-60.43099435024083,-31.65600571996539],[-60.429475500318,-31.657025429769533],[-60.42540822964712,-31.661056830349064],[-60.433798080277455,-31.666038400145474],[-60.43707891005307,-31.668601999762544],[-60.440788360186694,-31.672570940355232],[-60.4491550935715,-31.68333645075016],[-60.45229871017904,-31.684282840290905],[-60.45657749008187,-31.68686944018233],[-60.458569320069785,-31.688702070322467],[-60.46045353997148,-31.69115283029716],[-60.46265883033214,-31.69451776996764],[-60.464339474922475,-31.696198199149023],[-60.466499260224104,-31.69710008033782],[-60.468501069596485,-31.697687960184506],[-60.47350052024105,-31.698652510082525],[-60.495056919600245,-31.700834290251496],[-60.50097115973293,-31.701171939855637],[-60.504044800274784,-31.700938870251935],[-60.50806886018386,-31.69993538026411],[-60.51747039977536,-31.69666446018851],[-60.51753291982419,-31.69462602974637],[-60.52312059989322,-31.693214389913294],[-60.5288906604228,-31.690516619683574],[-60.53153411035151,-31.68982925009274],[-60.533606999819064,-31.689892740271812],[-60.54246451967452,-31.68770897986359],[-60.547884919962925,-31.686684769740733],[-60.55110625970715,-31.685669839776644],[-60.553590490438246,-31.683972630317225],[-60.5567242103063,-31.683323190114784],[-60.560491679929214,-31.682842239875995],[-60.564847389756345,-31.682850089888912],[-60.572132280247864,-31.68327306004934],[-60.57411867003841,-31.683011610121632],[-60.57588693989479,-31.68243999022854],[-60.57800109976314,-31.68067634022269],[-60.5832502703786,-31.672635050133056],[-60.58433844998792,-31.671272789637715],[-60.58623068016701,-31.6694964898529],[-60.58778326991359,-31.668217750351754],[-60.59109213970248,-31.66620937988935],[-60.59279231007382,-31.664943420290175],[-60.59663813973894,-31.662846740119143],[-60.59758315034985,-31.661403870371462],[-60.59798085967897,-31.66258794014423],[-60.60063490972801,-31.66620990973975],[-60.604649380121415,-31.670632539805574],[-60.607563900280354,-31.668833039642134],[-60.60993244956244,-31.6682175102804],[-60.609701770282314,-31.66760986025273],[-60.60819795995399,-31.666615989859704],[-60.6086269198752,-31.66609990034786],[-60.608830210420614,-31.664935549648785],[-60.60996024972554,-31.665209720380567],[-60.60986225969771,-31.66473671977676],[-60.60775453985165,-31.66410195977438],[-60.606386870102924,-31.662142439862606],[-60.60576695979335,-31.661667409653152],[-60.60477989994231,-31.661482699791847],[-60.60372541973258,-31.66065349003235],[-60.605703159645245,-31.65995871033427],[-60.60871679003118,-31.657243340366904],[-60.60733026015306,-31.65804357004357],[-60.60548266995539,-31.658476220348703],[-60.605105429638336,-31.658022579851394],[-60.60297731983195,-31.658285169865064],[-60.60090870005693,-31.65878192003307],[-60.59958250013499,-31.658319200166233],[-60.59876720984439,-31.654494689794404],[-60.59859911978336,-31.651298419742677],[-60.599275459564154,-31.65072709024695],[-60.599114060155365,-31.64693105966485],[-60.59971779989152,-31.64408740967295],[-60.59965087989442,-31.642694370065737],[-60.599301649946256,-31.642484070000016],[-60.598195220163625,-31.64255689979206],[-60.59559739027832,-31.635227990126328],[-60.593264000158136,-31.629642870272757],[-60.59099415955611,-31.626564550341165],[-60.588339629806704,-31.624299640192763],[-60.58788986041193,-31.623169879940743],[-60.58667968958705,-31.621791099895923],[-60.58359699043388,-31.620118760263782],[-60.58381106974586,-31.619802139912718],[-60.5847984296342,-31.620113270188803],[-60.58527734037678,-31.620011870121115],[-60.58511911022432,-31.61914681994366],[-60.584669119844,-31.618815189974335],[-60.58475088989105,-31.618408979823297],[-60.584067780406286,-31.618718740114062]]]}},{"type":"Feature","id":"820630318","properties":{"radio":"820630318","population":236,"dwellings":74,"households":74,"rented_households":2,"occupied_dwellings":74,"rented_pct":2.7,"source":"INDEC · Censo 2022"},"geometry":{"type":"Polygon","coordinates":[[[-60.65064155959975,-31.639653449910707],[-60.65187573969724,-31.639773409968246],[-60.65197729962999,-31.63997580975863],[-60.65176286009359,-31.640968930329866],[-60.65125593988044,-31.641593789991617],[-60.651000909967905,-31.641301990241022],[-60.650315790053526,-31.641314499743583],[-60.65018991991257,-31.64064777999109],[-60.646335840119846,-31.64048246999471],[-60.646628499561324,-31.640882310252714],[-60.64560102989555,-31.642456720288006],[-60.64545934042241,-31.64330968000463],[-60.64435825022584,-31.643387389865396],[-60.64437139976497,-31.64376610032868],[-60.644641579764766,-31.64396313965217],[-60.644333030024235,-31.644316419669334],[-60.64474015998574,-31.644499240295005],[-60.64439457989256,-31.64483466975884],[-60.64403087000033,-31.64483200001393],[-60.643976150023114,-31.64377710980644],[-60.64366145041614,-31.643237590328955],[-60.64340494008004,-31.64196277983093],[-60.643275940208596,-31.64006955011012],[-60.64061945033523,-31.640064870360312],[-60.6412015200118,-31.64193328018414],[-60.64170418041386,-31.64298140018983],[-60.64180518967936,-31.64234058984295],[-60.642771169663924,-31.64484286023909],[-60.64244441017427,-31.644849010363913],[-60.64215005022197,-31.644201160309883],[-60.64153596997858,-31.643816459731156],[-60.64106337978234,-31.642542720199813],[-60.64004983041022,-31.642317830247126],[-60.64021153973776,-31.64284008967992],[-60.640806989820476,-31.643585639843458],[-60.64073831002374,-31.644330010129767],[-60.64092373038322,-31.6452354296462],[-60.640515229592594,-31.645620759855976],[-60.639919190215075,-31.645560620345556],[-60.63926260977727,-31.64512652036716],[-60.63941474036895,-31.644250970382217],[-60.639194039575,-31.64280911966375],[-60.63859900002238,-31.641351109741148],[-60.63893481003853,-31.64035739977663],[-60.63851298004571,-31.64033245010796],[-60.63838309982531,-31.6398370896197],[-60.63539867007602,-31.63966258995587],[-60.63605643000178,-31.641052660215664],[-60.6371324796598,-31.64426237976969],[-60.63708897964049,-31.644839779823258],[-60.63614689035089,-31.64582298020391],[-60.632183909592925,-31.645950890202926],[-60.63003569010058,-31.645524109892868],[-60.623401060398834,-31.644979510380285],[-60.62270877013188,-31.644712330205596],[-60.605703159645245,-31.65995871033427],[-60.60372541973258,-31.66065349003235],[-60.60477989994231,-31.661482699791847],[-60.60576695979335,-31.661667409653152],[-60.606386870102924,-31.662142439862606],[-60.60775453985165,-31.66410195977438],[-60.60986225969771,-31.66473671977676],[-60.60997500994398,-31.66504731972834],[-60.60996024972554,-31.665209720380567],[-60.608830210420614,-31.664935549648785],[-60.6086269198752,-31.66609990034786],[-60.60819795995399,-31.666615989859704],[-60.609701770282314,-31.66760986025273],[-60.60993244956244,-31.6682175102804],[-60.607563900280354,-31.668833039642134],[-60.604649380121415,-31.670632539805574],[-60.60063490972801,-31.66620990973975],[-60.59798085967897,-31.66258794014423],[-60.59758315034985,-31.661403870371462],[-60.59663813973894,-31.662846740119143],[-60.59279231007382,-31.664943420290175],[-60.59109213970248,-31.66620937988935],[-60.58778326991359,-31.668217750351754],[-60.58433844998792,-31.671272789637715],[-60.5832502703786,-31.672635050133056],[-60.57800109976314,-31.68067634022269],[-60.57588693989479,-31.68243999022854],[-60.57411867003841,-31.683011610121632],[-60.572132280247864,-31.68327306004934],[-60.564847389756345,-31.682850089888912],[-60.560491679929214,-31.682842239875995],[-60.5567242103063,-31.683323190114784],[-60.553590490438246,-31.683972630317225],[-60.55110625970715,-31.685669839776644],[-60.547884919962925,-31.686684769740733],[-60.54246451967452,-31.68770897986359],[-60.533606999819064,-31.689892740271812],[-60.53153411035151,-31.68982925009274],[-60.5288906604228,-31.690516619683574],[-60.52312059989322,-31.693214389913294],[-60.51753291982419,-31.69462602974637],[-60.51747039977536,-31.69666446018851],[-60.51985113021271,-31.69610464994756],[-60.52242322965333,-31.695819080249596],[-60.52953539028539,-31.696326350105164],[-60.54013368975291,-31.697733870322562],[-60.55327659033189,-31.700392090255477],[-60.56416150986724,-31.702837990234688],[-60.57172706010466,-31.704910099858573],[-60.57846646031799,-31.707242529914954],[-60.59020520966625,-31.71185125025123],[-60.598632880268376,-31.715721439874375],[-60.605911949676845,-31.71970023029951],[-60.61283605968227,-31.724158280365955],[-60.619808519711206,-31.729440889962117],[-60.62318484040153,-31.732562810024856],[-60.62567546983241,-31.735756629811615],[-60.627848410063045,-31.739542660066828],[-60.62979561983247,-31.74425414976767],[-60.75131776032736,-31.703901789816143],[-60.7468707897522,-31.702494010082066],[-60.74383171009427,-31.700369930330186],[-60.74436803037004,-31.69157847000753],[-60.746060539908655,-31.687582490275947],[-60.746307660155104,-31.686174190026506],[-60.745344959919635,-31.68448438024441],[-60.74584989036441,-31.683002430002634],[-60.748256580316834,-31.68195573989062],[-60.75043952957637,-31.681942910205173],[-60.75187603003879,-31.68156470009715],[-60.75281722999626,-31.680580670061353],[-60.752806060344014,-31.679196420010697],[-60.75168292010047,-31.67854019991835],[-60.749266859821326,-31.67840560969725],[-60.74762292039352,-31.67789669993627],[-60.748112039590985,-31.67313667000202],[-60.75032358042939,-31.670147639953548],[-60.755651410226065,-31.663970209736405],[-60.756557750160624,-31.66131345008346],[-60.756543609779726,-31.659568490117408],[-60.75473358982219,-31.65804157968021],[-60.75336970018419,-31.657571669984158],[-60.7510164501097,-31.65796881019248],[-60.75099293041895,-31.657666840066234],[-60.74872656000886,-31.659695750382095],[-60.74800133031705,-31.6606379101216],[-60.7474837300335,-31.66183588034286],[-60.746661239745876,-31.665123369853486],[-60.74468401995776,-31.668404069976123],[-60.74311826001079,-31.669743400243995],[-60.740121420035855,-31.671469789756692],[-60.73657754018885,-31.67404249004102],[-60.7339190398859,-31.67524372000157],[-60.73217459963903,-31.675348429754905],[-60.73069293996897,-31.67467154006391],[-60.72988658971207,-31.674044869961886],[-60.72837960024594,-31.673494339818326],[-60.72423802991791,-31.673161700313276],[-60.72103332966769,-31.671930810328835],[-60.71779562980551,-31.671196029708128],[-60.714855900224734,-31.67012130987194],[-60.71345417983519,-31.66883952993475],[-60.71362696000029,-31.668680739738605],[-60.7137945496997,-31.66715570010116],[-60.712233929912806,-31.667150900148847],[-60.71267780995257,-31.667973599790677],[-60.713247640083374,-31.66802902963555],[-60.71320432960858,-31.66857038004836],[-60.712988689922945,-31.66863921983063],[-60.711553500102525,-31.667109599752457],[-60.71135406961789,-31.66653805016955],[-60.71045064022484,-31.6662905700603],[-60.7091670096676,-31.66526961015605],[-60.70781817040387,-31.66329305973193],[-60.707677169938556,-31.66277529027669],[-60.70721100000165,-31.66248026003945],[-60.70645449007334,-31.661438320068196],[-60.704139200107825,-31.65712230022727],[-60.70401145967442,-31.655562820092175],[-60.70414317964453,-31.653456300152346],[-60.700263440374044,-31.655574420021477],[-60.7012364002684,-31.656673829823614],[-60.70272473981091,-31.659005919881206],[-60.70366092986402,-31.661512379800246],[-60.70382931008089,-31.66356763978281],[-60.70339339989433,-31.665188840378136],[-60.700754049876586,-31.66966746017327],[-60.69277997998392,-31.67860310993953],[-60.68826899995319,-31.683961890094245],[-60.686112179990324,-31.686101840072627],[-60.67578054002499,-31.69758326034324],[-60.670362189692085,-31.703176179763208],[-60.66952911994536,-31.704682109735316],[-60.669401669667785,-31.70529603007843],[-60.6679603802866,-31.705105179861622],[-60.6673776198056,-31.7054824900423],[-60.66734524991265,-31.70464396025854],[-60.66791150025704,-31.704172040219643],[-60.667554320218606,-31.703641820304647],[-60.667412399878444,-31.70371019997806],[-60.66745611998502,-31.7031869101198],[-60.66768772991976,-31.70312256999667],[-60.66786806042485,-31.702526419967647],[-60.667761479807965,-31.702373660214636],[-60.668377089882284,-31.702167519939344],[-60.66861533028216,-31.702292529875656],[-60.66872410997485,-31.702016900343615],[-60.669050449951264,-31.70192501014864],[-60.66893863035965,-31.701776790004626],[-60.6701895703254,-31.70117500999634],[-60.67021412038379,-31.700922370017654],[-60.67076613961746,-31.70067596978756],[-60.67069012956801,-31.700374250117385],[-60.67170623015556,-31.699390420269715],[-60.671520829559014,-31.699278660194256],[-60.67164613016811,-31.699102149698792],[-60.67211561039684,-31.699113200005655],[-60.67478771029488,-31.695942670207746],[-60.67393180986521,-31.695730750287844],[-60.67507671988135,-31.695796839741547],[-60.67594462988805,-31.694755129890975],[-60.67503800967913,-31.69409258018036],[-60.6754354998193,-31.693635050370474],[-60.67644655007832,-31.69415275018631],[-60.67991859973689,-31.690797500223514],[-60.68005636986043,-31.690886950099607],[-60.68617660985744,-31.68410844013843],[-60.68642166038548,-31.683728349944897],[-60.68643396011835,-31.68253334986357],[-60.68680685977595,-31.68089901980887],[-60.68755529025658,-31.68013745008076],[-60.689455280083116,-31.678941280005315],[-60.68973296999869,-31.677988340242386],[-60.6931569103822,-31.67397915033282],[-60.69348865013179,-31.67321078997865],[-60.69411485044499,-31.670208769690568],[-60.69523342994183,-31.66819610035047],[-60.69581978997218,-31.665518950151473],[-60.695618969793784,-31.66120925973839],[-60.69487090043588,-31.65915713992735],[-60.69443534957542,-31.657301729685436],[-60.694885380379944,-31.656144919887712],[-60.695783799868636,-31.65503076028743],[-60.691867539590284,-31.65083143993243],[-60.689105689910505,-31.650160990129145],[-60.68373699036166,-31.648377160251762],[-60.68335930987012,-31.647910220060826],[-60.68196833961958,-31.647272839855347],[-60.68188688038961,-31.64694410984132],[-60.680317420281995,-31.645680880208896],[-60.68009326007589,-31.645298799658118],[-60.680094850093944,-31.646241210122987],[-60.6795629800721,-31.64631168004756],[-60.67903349956891,-31.645985330333342],[-60.678728149627425,-31.64603654963195],[-60.67855050957661,-31.646253939970606],[-60.67875207984829,-31.646428730100258],[-60.67860267025359,-31.646902990117084],[-60.67816504967472,-31.646887280190498],[-60.67784497005753,-31.64636140027949],[-60.678983570307096,-31.64491691025407],[-60.67746894965264,-31.644663419729017],[-60.67756663964315,-31.644324710378104],[-60.67625851023147,-31.644196379820198],[-60.675176609846005,-31.644738700372134],[-60.67502525000882,-31.64421643019104],[-60.675964470079414,-31.643625259809703],[-60.67316577959151,-31.643649069866434],[-60.67177657003892,-31.643972029962637],[-60.67091508029157,-31.644382389708163],[-60.66977293978146,-31.644613850009957],[-60.669629719579085,-31.64448835020428],[-60.66872524005548,-31.64478618990151],[-60.668234730265944,-31.6447436597858],[-60.66725932964898,-31.64396867038132],[-60.66634562981731,-31.643711910216204],[-60.66530172996498,-31.64367677025269],[-60.664740900055,-31.64412159965353],[-60.66426716989666,-31.644214249872118],[-60.6637857097353,-31.643959719654653],[-60.66322896985481,-31.64275414969504],[-60.66284186962921,-31.642426989837194],[-60.66265666037382,-31.641580209838093],[-60.663119570324554,-31.64070753034481],[-60.66299063962342,-31.640365499641558],[-60.660490670408535,-31.64013496027724],[-60.659362080086154,-31.64079012017304],[-60.65936355961144,-31.641746070051273],[-60.658973469792556,-31.6417390700548],[-60.65881845021893,-31.644422849799685],[-60.657347810182465,-31.644416909954078],[-60.65670830043002,-31.644172189819827],[-60.65625159963452,-31.64293900996552],[-60.65543921000395,-31.64284398005041],[-60.65568761034969,-31.639934260199006],[-60.65064155959975,-31.639653449910707]]]}},{"type":"Feature","id":"820630319","properties":{"radio":"820630319","population":545,"dwellings":231,"households":189,"rented_households":22,"occupied_dwellings":189,"rented_pct":11.6,"source":"INDEC · Censo 2022"},"geometry":{"type":"Polygon","coordinates":[[[-60.6254486595962,-31.63747062982067],[-60.61447328959323,-31.63156270987007],[-60.614347839863804,-31.63172112981394],[-60.61361790030495,-31.63131881025791],[-60.61322103988378,-31.63187986002007],[-60.6125790301199,-31.63202724025651],[-60.61443672007633,-31.63882726978678],[-60.62011722036871,-31.637834829966096],[-60.62048854977118,-31.637400140193357],[-60.622472049681456,-31.638454659928136],[-60.62368372967604,-31.636789350222667],[-60.62528130974698,-31.637665349815368],[-60.6254486595962,-31.63747062982067]]]}},{"type":"Feature","id":"820630320","properties":{"radio":"820630320","population":19,"dwellings":5,"households":5,"rented_households":0,"occupied_dwellings":5,"rented_pct":0.0,"source":"INDEC · Censo 2022"},"geometry":{"type":"Polygon","coordinates":[[[-60.68268804018082,-31.639725090372725],[-60.67788140033555,-31.630312909675943],[-60.677703230278745,-31.630453640329378],[-60.67759698024188,-31.630336960250897],[-60.67776375966089,-31.630079050322966],[-60.67756016009501,-31.629620190175913],[-60.67807800022876,-31.6276288802878],[-60.678063179823184,-31.627038250032083],[-60.67771558031727,-31.626341159969943],[-60.67763010022808,-31.62472731036124],[-60.67597377033754,-31.620862659749694],[-60.67579911988001,-31.62002937993649],[-60.67402574040628,-31.61818095021874],[-60.67224635030496,-31.616950289836105],[-60.671831519984856,-31.616420379771203],[-60.666207939643805,-31.611823360291872],[-60.66589794002242,-31.611207210159204],[-60.665816750287036,-31.611645029627297],[-60.66600296026565,-31.611896579770296],[-60.66587666971311,-31.611919789756872],[-60.66571612999207,-31.61157341038171],[-60.665781290189514,-31.611104109676447],[-60.664530629599824,-31.609356529675168],[-60.66419198989053,-31.60767182976415],[-60.66405485038431,-31.60764999964544],[-60.66394752955564,-31.608119519736803],[-60.66416684963899,-31.608582829854612],[-60.663906659803466,-31.60830010028471],[-60.66326413979651,-31.60165230007349],[-60.66361562002445,-31.598466949697467],[-60.66241583013098,-31.594198399752585],[-60.66229419015668,-31.593387369723192],[-60.662547530338166,-31.59270966979656],[-60.662528730395884,-31.591541869688676],[-60.66147889986606,-31.58760170986833],[-60.65923327964073,-31.58513773019614],[-60.65580753993169,-31.58263017028945],[-60.65255612010017,-31.58167732011769],[-60.65147720032481,-31.581051530108027],[-60.650460019962296,-31.57793630009716],[-60.64787267970458,-31.578535640216828],[-60.64971515040343,-31.583693909755976],[-60.65730005035206,-31.591140489803696],[-60.6602117596825,-31.600639999988402],[-60.6612857396221,-31.604999400064933],[-60.61370424008185,-31.61315963023185],[-60.615977770064774,-31.615137270255467],[-60.61915154042144,-31.614585320181025],[-60.620423139842096,-31.615634319799447],[-60.62215476023154,-31.61533278975141],[-60.62319983957183,-31.615593750030687],[-60.62351820969505,-31.61592588030662],[-60.623882530441676,-31.617615069648604],[-60.624861940239754,-31.61987392035216],[-60.626140620181474,-31.62038621992351],[-60.62733690035713,-31.621967609690333],[-60.62745537017679,-31.622345800016664],[-60.62725758001585,-31.622712019905148],[-60.628481259705985,-31.638551480142922],[-60.62871041005349,-31.638924619619573],[-60.64154171021325,-31.640046709655458],[-60.64326481008223,-31.63998393030616],[-60.64714553031299,-31.639432230105292],[-60.65371472044123,-31.639700880089233],[-60.65448664006993,-31.638538050211167],[-60.654539249904545,-31.637771210128232],[-60.65496005042802,-31.63689878016433],[-60.655224780349,-31.63481414976084],[-60.65488543007233,-31.63452279987487],[-60.65490006003505,-31.633602839632292],[-60.65511212981574,-31.633029080079048],[-60.65543132998227,-31.632702770173683],[-60.65645891014084,-31.632683970145685],[-60.65712139969658,-31.632459610103872],[-60.65743909967658,-31.631921370346223],[-60.658112280082506,-31.631719499900225],[-60.65979711980521,-31.632233869723606],[-60.66139415998869,-31.6322526698426],[-60.66229521962601,-31.63297397965875],[-60.66377166008426,-31.633079049870254],[-60.664043319609334,-31.633483459780194],[-60.66508717005431,-31.63352763028213],[-60.66536915032368,-31.634639939722064],[-60.6653375898128,-31.635388640185905],[-60.665148729804116,-31.63847392990838],[-60.66479999033608,-31.639833020162115],[-60.66561807977712,-31.63999109027599],[-60.665409780225666,-31.63738584968183],[-60.66559835996001,-31.637222530049538],[-60.665437939714884,-31.63689869985865],[-60.66581744019317,-31.63394317967151],[-60.6683490202246,-31.633456489843162],[-60.671042950082374,-31.633564110262515],[-60.67288992044249,-31.633888069849775],[-60.67374635986133,-31.6335228102367],[-60.67419741025369,-31.633948809661025],[-60.67509549017921,-31.634241670370205],[-60.6758560595943,-31.635924099629236],[-60.67646017033466,-31.63637632980884],[-60.67696223964527,-31.637293549826722],[-60.67907881957498,-31.639893139668825],[-60.67978347964343,-31.640394420076998],[-60.68268804018082,-31.639725090372725]]]}},{"type":"Feature","id":"820630325","properties":{"radio":"820630325","population":597,"dwellings":252,"households":202,"rented_households":24,"occupied_dwellings":200,"rented_pct":11.9,"source":"INDEC · Censo 2022"},"geometry":{"type":"Polygon","coordinates":[[[-60.59698369018772,-31.63442788985122],[-60.596219750293685,-31.63116676017436],[-60.59667767010301,-31.63107442967169],[-60.59696284028997,-31.63198847963644],[-60.60666516009311,-31.630314909811432],[-60.60621459029944,-31.628287889996685],[-60.60006633005208,-31.629412679882947],[-60.59987747992484,-31.627907469692005],[-60.599297370372234,-31.62620119029392],[-60.599013120060135,-31.626252119882395],[-60.597831339591494,-31.624399849963993],[-60.59385698975529,-31.62509477992349],[-60.593046689606076,-31.62612666031388],[-60.59245421025202,-31.625773179632183],[-60.59112570974464,-31.626532380129184],[-60.590505859622176,-31.626016679970228],[-60.59012563959333,-31.625892180041916],[-60.59099415955611,-31.626564550341165],[-60.593264000158136,-31.629642870272757],[-60.595556199827605,-31.635381499747233],[-60.59664494986712,-31.635029199949518],[-60.59698369018772,-31.63442788985122]]]}},{"type":"Feature","id":"820630326","properties":{"radio":"820630326","population":665,"dwellings":271,"households":236,"rented_households":30,"occupied_dwellings":234,"rented_pct":12.7,"source":"INDEC · Censo 2022"},"geometry":{"type":"Polygon","coordinates":[[[-60.60124157976861,-31.62203901975921],[-60.613901030417885,-31.619859439733847],[-60.61418332958919,-31.621120680136052],[-60.61756788962728,-31.620536190131904],[-60.61783374962888,-31.621693780322218],[-60.62383938974846,-31.620627460163412],[-60.62733392962847,-31.62309492988099],[-60.62725758001585,-31.622712019905148],[-60.62745537017679,-31.622345800016664],[-60.62686801032154,-31.62119883002155],[-60.62656703966706,-31.621110120059278],[-60.626140620181474,-31.62038621992351],[-60.624861940239754,-31.61987392035216],[-60.623882530441676,-31.617615069648604],[-60.62351820969505,-31.61592588030662],[-60.62319983957183,-31.615593750030687],[-60.62215476023154,-31.61533278975141],[-60.620423139842096,-31.615634319799447],[-60.61915154042144,-31.614585320181025],[-60.615977770064774,-31.615137270255467],[-60.61370424008185,-31.61315963023185],[-60.602119840164015,-31.61521237972317],[-60.60262983980195,-31.617491660043818],[-60.599397650205724,-31.618002890294665],[-60.59967378962912,-31.619155959708984],[-60.60045282032159,-31.61902152979609],[-60.60124157976861,-31.62203901975921]]]}},{"type":"Feature","id":"820630338","properties":{"radio":"820630338","population":960,"dwellings":388,"households":306,"rented_households":38,"occupied_dwellings":306,"rented_pct":12.4,"source":"INDEC · Censo 2022"},"geometry":{"type":"Polygon","coordinates":[[[-60.61447328959323,-31.63156270987007],[-60.611331689703505,-31.629873290319974],[-60.61122725965341,-31.63002259968481],[-60.61042866006076,-31.62959352965842],[-60.60264325973398,-31.63101936021778],[-60.604198300084654,-31.636774830172133],[-60.60569545030347,-31.6368218503475],[-60.608112429559164,-31.636481179732822],[-60.60856870006163,-31.637750619941997],[-60.6138963403138,-31.63680071004778],[-60.6125790301199,-31.63202724025651],[-60.61322103988378,-31.63187986002007],[-60.61361790030495,-31.63131881025791],[-60.614347839863804,-31.63172112981394],[-60.61447328959323,-31.63156270987007]]]}},{"type":"Feature","id":"820630339","properties":{"radio":"820630339","population":657,"dwellings":269,"households":228,"rented_households":13,"occupied_dwellings":226,"rented_pct":5.7,"source":"INDEC · Censo 2022"},"geometry":{"type":"Polygon","coordinates":[[[-60.60264325973398,-31.63101936021778],[-60.59696284028997,-31.63198847963644],[-60.59667767010301,-31.63107442967169],[-60.596219750293685,-31.63116676017436],[-60.597032560335805,-31.634653120115885],[-60.59833378978777,-31.637032420196977],[-60.604844779865395,-31.64056854974073],[-60.605980400403176,-31.6409374396381],[-60.6079250598555,-31.64089663005349],[-60.60904882981805,-31.641062619969347],[-60.60914103020388,-31.640651840235584],[-60.60856870006163,-31.637750619941997],[-60.608112429559164,-31.636481179732822],[-60.60569545030347,-31.6368218503475],[-60.604198300084654,-31.636774830172133],[-60.60264325973398,-31.63101936021778]]]}},{"type":"Feature","id":"820630340","properties":{"radio":"820630340","population":769,"dwellings":266,"households":261,"rented_households":23,"occupied_dwellings":257,"rented_pct":8.8,"source":"INDEC · Censo 2022"},"geometry":{"type":"Polygon","coordinates":[[[-60.613901030417885,-31.619859439733847],[-60.59831020002841,-31.622643500270563],[-60.60197972004768,-31.62455170993442],[-60.61783374962888,-31.621693780322218],[-60.61756788962728,-31.620536190131904],[-60.61418332958919,-31.621120680136052],[-60.613901030417885,-31.619859439733847]]]}},{"type":"Feature","id":"820630341","properties":{"radio":"820630341","population":616,"dwellings":230,"households":218,"rented_households":9,"occupied_dwellings":216,"rented_pct":4.1,"source":"INDEC · Censo 2022"},"geometry":{"type":"Polygon","coordinates":[[[-60.6254486595962,-31.63747062982067],[-60.626571289596676,-31.638254239965924],[-60.62871041005349,-31.638924619619573],[-60.628481259705985,-31.638551480142922],[-60.62776795964116,-31.629658260335322],[-60.627142159976565,-31.62985973981478],[-60.626608160049194,-31.630389949663645],[-60.62584629975503,-31.63073638979799],[-60.62609557955144,-31.631758760084864],[-60.62554661009816,-31.631630679885845],[-60.62515836991045,-31.63189412001848],[-60.6228223998288,-31.632500759925914],[-60.62259115999993,-31.633390209939076],[-60.6230912700849,-31.634884840204684],[-60.622960820332615,-31.635873000191186],[-60.62127934030906,-31.63505149019325],[-60.62202177004361,-31.635737789835233],[-60.6254486595962,-31.63747062982067]]]}},{"type":"Feature","id":"820630342","properties":{"radio":"820630342","population":878,"dwellings":270,"households":270,"rented_households":8,"occupied_dwellings":263,"rented_pct":3.0,"source":"INDEC · Censo 2022"},"geometry":{"type":"Polygon","coordinates":[[[-60.643275940208596,-31.64006955011012],[-60.633510220007636,-31.639437490366483],[-60.62871041005349,-31.638924619619573],[-60.626571289596676,-31.638254239965924],[-60.6292851297144,-31.639737960304817],[-60.62819240013816,-31.640270919850867],[-60.628978140347506,-31.640330180217763],[-60.62940279015199,-31.640774500222797],[-60.63273379981936,-31.640753529838978],[-60.63368715038938,-31.643765480108666],[-60.63669200962486,-31.64305158962211],[-60.63539867007602,-31.63966258995587],[-60.63838309982531,-31.6398370896197],[-60.63851298004571,-31.64033245010796],[-60.63898293009335,-31.640456360178067],[-60.63859900002238,-31.641351109741148],[-60.639194039575,-31.64280911966375],[-60.63941474036895,-31.644250970382217],[-60.63926260977727,-31.64512652036716],[-60.64011997985074,-31.645631769878868],[-60.640704330349806,-31.64552512012113],[-60.64092755001982,-31.645023479646124],[-60.64076910966156,-31.643441529692716],[-60.64021153973776,-31.64284008967992],[-60.64004983041022,-31.642317830247126],[-60.64106337978234,-31.642542720199813],[-60.64153596997858,-31.643816459731156],[-60.64215005022197,-31.644201160309883],[-60.64244441017427,-31.644849010363913],[-60.642771169663924,-31.64484286023909],[-60.64180518967936,-31.64234058984295],[-60.64170418041386,-31.64298140018983],[-60.6412015200118,-31.64193328018414],[-60.64061945033523,-31.640064870360312],[-60.643275940208596,-31.64006955011012]]]}},{"type":"Feature","id":"820630343","properties":{"radio":"820630343","population":929,"dwellings":325,"households":299,"rented_households":29,"occupied_dwellings":291,"rented_pct":9.7,"source":"INDEC · Censo 2022"},"geometry":{"type":"Polygon","coordinates":[[[-60.62931726963864,-31.63981446019054],[-60.6254486595962,-31.63747062982067],[-60.62528130974698,-31.637665349815368],[-60.62368372967604,-31.636789350222667],[-60.622472049681456,-31.638454659928136],[-60.62048854977118,-31.637400140193357],[-60.62011722036871,-31.637834829966096],[-60.61443672007633,-31.63882726978678],[-60.61500911040569,-31.64090778976853],[-60.61899899031651,-31.64088849964349],[-60.61857599970038,-31.643077529696882],[-60.62119970016755,-31.646063430269646],[-60.62693220033847,-31.640985070299458],[-60.62931726963864,-31.63981446019054]]]}},{"type":"Feature","id":"820630344","properties":{"radio":"820630344","population":542,"dwellings":235,"households":204,"rented_households":31,"occupied_dwellings":201,"rented_pct":15.2,"source":"INDEC · Censo 2022"},"geometry":{"type":"Polygon","coordinates":[[[-60.611331689703505,-31.629873290319974],[-60.59914660971137,-31.62323480019977],[-60.59902111955774,-31.623388709781576],[-60.60071341978888,-31.624314169839874],[-60.59816057034648,-31.62479061020734],[-60.599013120060135,-31.626252119882395],[-60.599297370372234,-31.62620119029392],[-60.59987747992484,-31.627907469692005],[-60.60006633005208,-31.629412679882947],[-60.60621459029944,-31.628287889996685],[-60.60666516009311,-31.630314909811432],[-60.61042866006076,-31.62959352965842],[-60.61122725965341,-31.63002259968481],[-60.611331689703505,-31.629873290319974]]]}},{"type":"Feature","id":"820630345","properties":{"radio":"820630345","population":706,"dwellings":307,"households":270,"rented_households":44,"occupied_dwellings":260,"rented_pct":16.3,"source":"INDEC · Censo 2022"},"geometry":{"type":"Polygon","coordinates":[[[-60.602119840164015,-31.61521237972317],[-60.59475597967419,-31.616468889713822],[-60.58917681024416,-31.617491299740315],[-60.592013309924056,-31.619394619868416],[-60.59914660971137,-31.62323480019977],[-60.59923550968683,-31.623126170362593],[-60.59831020002841,-31.622643500270563],[-60.60124157976861,-31.62203901975921],[-60.60045282032159,-31.61902152979609],[-60.59967378962912,-31.619155959708984],[-60.599397650205724,-31.618002890294665],[-60.60262983980195,-31.617491660043818],[-60.602119840164015,-31.61521237972317]]]}},{"type":"Feature","id":"820630401","properties":{"radio":"820630401","population":335,"dwellings":128,"households":135,"rented_households":8,"occupied_dwellings":128,"rented_pct":5.9,"source":"INDEC · Censo 2022"},"geometry":{"type":"Polygon","coordinates":[[[-60.66143895987021,-31.634114750026598],[-60.661176770384884,-31.63951815021668],[-60.657939910447475,-31.63942666010175],[-60.657673209622764,-31.639725640258753],[-60.65689923015712,-31.639842349857982],[-60.663437709580755,-31.640232409693127],[-60.67324638991354,-31.641669099887405],[-60.67571769029445,-31.641570370209916],[-60.67999338987419,-31.640993030154565],[-60.67971168987918,-31.640669870044032],[-60.67978347964343,-31.640394420076998],[-60.67907881957498,-31.639893139668825],[-60.67696223964527,-31.637293549826722],[-60.67646017033466,-31.63637632980884],[-60.6758560595943,-31.635924099629236],[-60.67509549017921,-31.634241670370205],[-60.67419741025369,-31.633948809661025],[-60.67374635986133,-31.6335228102367],[-60.67288992044249,-31.633888069849775],[-60.671042950082374,-31.633564110262515],[-60.6683490202246,-31.633456489843162],[-60.66581744019317,-31.63394317967151],[-60.665437939714884,-31.63689869985865],[-60.66559835996001,-31.637222530049538],[-60.665409780225666,-31.63738584968183],[-60.66561807977712,-31.63999109027599],[-60.66479999033608,-31.639833020162115],[-60.665148729804116,-31.63847392990838],[-60.6653375898128,-31.635388640185905],[-60.66536915032368,-31.634639939722064],[-60.66508717005431,-31.63352763028213],[-60.664043319609334,-31.633483459780194],[-60.66377166008426,-31.633079049870254],[-60.66229521962601,-31.63297397965875],[-60.66139415998869,-31.6322526698426],[-60.65979711980521,-31.632233869723606],[-60.658112280082506,-31.631719499900225],[-60.65743909967658,-31.631921370346223],[-60.65712139969658,-31.632459610103872],[-60.65645891014084,-31.632683970145685],[-60.65543132998227,-31.632702770173683],[-60.65511212981574,-31.633029080079048],[-60.65490006003505,-31.633602839632292],[-60.65488543007233,-31.63452279987487],[-60.655224780349,-31.63481414976084],[-60.65496005042802,-31.63689878016433],[-60.654539249904545,-31.637771210128232],[-60.65448664006993,-31.638538050211167],[-60.65371472044123,-31.639700880089233],[-60.65625082977832,-31.639827649793265],[-60.65626877991433,-31.639381150185155],[-60.65650074019204,-31.639388970219976],[-60.65675224960698,-31.633927010180596],[-60.66143895987021,-31.634114750026598]]]}},{"type":"Feature","id":"820630402","properties":{"radio":"820630402","population":1090,"dwellings":407,"households":405,"rented_households":63,"occupied_dwellings":404,"rented_pct":15.6,"source":"INDEC · Censo 2022"},"geometry":{"type":"Polygon","coordinates":[[[-60.65667831017426,-31.635406410208333],[-60.66135445984301,-31.635580679997574],[-60.66143895987021,-31.634114750026598],[-60.65675224960698,-31.633927010180596],[-60.65667831017426,-31.635406410208333]]]}},{"type":"Feature","id":"820630403","properties":{"radio":"820630403","population":393,"dwellings":142,"households":142,"rented_households":27,"occupied_dwellings":140,"rented_pct":19.0,"source":"INDEC · Censo 2022"},"geometry":{"type":"Polygon","coordinates":[[[-60.65658119959709,-31.637336859634814],[-60.65829998036618,-31.63741819969513],[-60.65844969987964,-31.635478460065688],[-60.65667831017426,-31.635406410208333],[-60.65658119959709,-31.637336859634814]]]}},{"type":"Feature","id":"820630404","properties":{"radio":"820630404","population":768,"dwellings":248,"households":244,"rented_households":15,"occupied_dwellings":241,"rented_pct":6.1,"source":"INDEC · Censo 2022"},"geometry":{"type":"Polygon","coordinates":[[[-60.65653029027331,-31.638342679665858],[-60.66120665014785,-31.63852597015418],[-60.66124728993131,-31.637565299647946],[-60.65658119959709,-31.637336859634814],[-60.65653029027331,-31.638342679665858]]]}},{"type":"Feature","id":"820630405","properties":{"radio":"820630405","population":396,"dwellings":130,"households":132,"rented_households":3,"occupied_dwellings":130,"rented_pct":2.3,"source":"INDEC · Censo 2022"},"geometry":{"type":"Polygon","coordinates":[[[-60.68009326007589,-31.645298799658118],[-60.67932904978895,-31.644585899828712],[-60.679113330153264,-31.643915180140773],[-60.679152069999894,-31.64199404992049],[-60.67944588018324,-31.641081620206023],[-60.67571769029445,-31.641570370209916],[-60.67324638991354,-31.641669099887405],[-60.66255155029905,-31.640137809882518],[-60.64841579034556,-31.639434799817117],[-60.6458760796625,-31.63954687971711],[-60.64329641011898,-31.63997925972951],[-60.6432556104354,-31.64017787030691],[-60.64340494008004,-31.64196277983093],[-60.64366145041614,-31.643237590328955],[-60.643976150023114,-31.64377710980644],[-60.64403087000033,-31.64483200001393],[-60.64456294034649,-31.644788729640062],[-60.64474015998574,-31.644499240295005],[-60.644333030024235,-31.644316419669334],[-60.644641579764766,-31.64396313965217],[-60.64437139976497,-31.64376610032868],[-60.64435825022584,-31.643387389865396],[-60.64545934042241,-31.64330968000463],[-60.64560102989555,-31.642456720288006],[-60.646628499561324,-31.640882310252714],[-60.646335840119846,-31.64048246999471],[-60.65018991991257,-31.64064777999109],[-60.650315790053526,-31.641314499743583],[-60.651000909967905,-31.641301990241022],[-60.65125593988044,-31.641593789991617],[-60.65176286009359,-31.640968930329866],[-60.65195035017147,-31.639890270171442],[-60.65064155959975,-31.639653449910707],[-60.65568761034969,-31.639934260199006],[-60.65543921000395,-31.64284398005041],[-60.65625159963452,-31.64293900996552],[-60.65670830043002,-31.644172189819827],[-60.657347810182465,-31.644416909954078],[-60.65881845021893,-31.644422849799685],[-60.658973469792556,-31.6417390700548],[-60.65936355961144,-31.641746070051273],[-60.659362080086154,-31.64079012017304],[-60.6601907597661,-31.640208659944562],[-60.660827950068466,-31.64012870965314],[-60.66299063962342,-31.640365499641558],[-60.663119570324554,-31.64070753034481],[-60.66265666037382,-31.641580209838093],[-60.66284186962921,-31.642426989837194],[-60.66322896985481,-31.64275414969504],[-60.6637857097353,-31.643959719654653],[-60.66426716989666,-31.644214249872118],[-60.664740900055,-31.64412159965353],[-60.66530172996498,-31.64367677025269],[-60.66634562981731,-31.643711910216204],[-60.66725932964898,-31.64396867038132],[-60.668234730265944,-31.6447436597858],[-60.66872524005548,-31.64478618990151],[-60.669629719579085,-31.64448835020428],[-60.66977293978146,-31.644613850009957],[-60.67091508029157,-31.644382389708163],[-60.67177657003892,-31.643972029962637],[-60.67316577959151,-31.643649069866434],[-60.675964470079414,-31.643625259809703],[-60.67502525000882,-31.64421643019104],[-60.675176609846005,-31.644738700372134],[-60.67625851023147,-31.644196379820198],[-60.67756663964315,-31.644324710378104],[-60.67746894965264,-31.644663419729017],[-60.678983570307096,-31.64491691025407],[-60.67784497005753,-31.64636140027949],[-60.67786250966344,-31.646600300361758],[-60.67835552036273,-31.646985469673538],[-60.67860267025359,-31.646902990117084],[-60.67875207984829,-31.646428730100258],[-60.67855050957661,-31.646253939970606],[-60.678728149627425,-31.64603654963195],[-60.67903349956891,-31.645985330333342],[-60.6795629800721,-31.64631168004756],[-60.680094850093944,-31.646241210122987],[-60.68009326007589,-31.645298799658118]]]}},{"type":"Feature","id":"820630406","properties":{"radio":"820630406","population":47,"dwellings":15,"households":14,"rented_households":0,"occupied_dwellings":14,"rented_pct":0.0,"source":"INDEC · Censo 2022"},"geometry":{"type":"Polygon","coordinates":[[[-60.69220639040367,-31.647474759894774],[-60.68829498012953,-31.645299929954078],[-60.687504689953265,-31.644632310370476],[-60.68646325956967,-31.644218560036048],[-60.686235100063904,-31.644012370165832],[-60.686206089870126,-31.643651780177645],[-60.685121359791495,-31.64308042968652],[-60.685029940041666,-31.64283291998749],[-60.68483516013524,-31.642865529656135],[-60.68477013019351,-31.64262238009769],[-60.68454869008608,-31.642614549628057],[-60.684567490028364,-31.64230331029507],[-60.68377286997242,-31.64175744991984],[-60.68268804018082,-31.639725090372725],[-60.67971577990867,-31.640507509867927],[-60.67999338987419,-31.640993030154565],[-60.67944588018324,-31.641081620206023],[-60.679152069999894,-31.64199404992049],[-60.679113330153264,-31.643915180140773],[-60.67932904978895,-31.644585899828712],[-60.680317420281995,-31.645680880208896],[-60.68188688038961,-31.64694410984132],[-60.68196833961958,-31.647272839855347],[-60.68335930987012,-31.647910220060826],[-60.68373699036166,-31.648377160251762],[-60.689105689910505,-31.650160990129145],[-60.691703539558745,-31.650751169953992],[-60.69168054987399,-31.650494270227842],[-60.69188766005602,-31.650700570368016],[-60.692386010341345,-31.650373199886253],[-60.6914736696607,-31.64960706994793],[-60.690839539918485,-31.649394070022378],[-60.69220639040367,-31.647474759894774]]]}},{"type":"Feature","id":"820630407","properties":{"radio":"820630407","population":1332,"dwellings":379,"households":390,"rented_households":4,"occupied_dwellings":376,"rented_pct":1.0,"source":"INDEC · Censo 2022"},"geometry":{"type":"Polygon","coordinates":[[[-60.69699043043298,-31.662017940130546],[-60.69648825961275,-31.661132369918466],[-60.696886540270384,-31.660106610356873],[-60.69857250019226,-31.659263189864863],[-60.69777251000756,-31.657324110170542],[-60.69614392997446,-31.65525425991109],[-60.69663706014968,-31.654931420066813],[-60.69711081995243,-31.65554659012927],[-60.69770410958689,-31.655931139699096],[-60.700263440374044,-31.655574420021477],[-60.69857757028371,-31.6535996201586],[-60.69712894975149,-31.65232692006483],[-60.69620111043724,-31.650902570137564],[-60.693901259816506,-31.64856580005894],[-60.69220639040367,-31.647474759894774],[-60.690839539918485,-31.649394070022378],[-60.6914736696607,-31.64960706994793],[-60.692386010341345,-31.650373199886253],[-60.69188766005602,-31.650700570368016],[-60.69168054987399,-31.650494270227842],[-60.691703539558745,-31.650751169953992],[-60.695783799868636,-31.65503076028743],[-60.694885380379944,-31.656144919887712],[-60.69444089038411,-31.657337769841444],[-60.695618969793784,-31.66120925973839],[-60.69574780976508,-31.662227630192234],[-60.69699043043298,-31.662017940130546]]]}},{"type":"Feature","id":"820630408","properties":{"radio":"820630408","population":755,"dwellings":226,"households":227,"rented_households":19,"occupied_dwellings":223,"rented_pct":8.4,"source":"INDEC · Censo 2022"},"geometry":{"type":"Polygon","coordinates":[[[-60.70110609963642,-31.667401910256665],[-60.70115496978452,-31.667591029820017],[-60.699352829848635,-31.670536399807617],[-60.69917353959266,-31.670532869929776],[-60.69825578027421,-31.671895159626906],[-60.69701507032292,-31.673083350217844],[-60.697544060345976,-31.67331494010475],[-60.700754049876586,-31.66966746017327],[-60.70339339989433,-31.665188840378136],[-60.70382931008089,-31.66356763978281],[-60.70366092986402,-31.661512379800246],[-60.70272473981091,-31.659005919881206],[-60.7012364002684,-31.656673829823614],[-60.700263440374044,-31.655574420021477],[-60.69770410958689,-31.655931139699096],[-60.69711081995243,-31.65554659012927],[-60.69663706014968,-31.654931420066813],[-60.69614392997446,-31.65525425991109],[-60.69777251000756,-31.657324110170542],[-60.69831523976288,-31.658700949632507],[-60.69904997991859,-31.658962970370315],[-60.69955963999334,-31.65873471980504],[-60.70020776997927,-31.659398519698254],[-60.70063582978857,-31.66023938970542],[-60.70108938019237,-31.663772110280238],[-60.7005303199635,-31.6665528400525],[-60.70115839955227,-31.666644080213548],[-60.70105508970133,-31.6669287296729],[-60.701403830067676,-31.667030519740834],[-60.70110609963642,-31.667401910256665]]]}},{"type":"Feature","id":"820630409","properties":{"radio":"820630409","population":1086,"dwellings":339,"households":338,"rented_households":18,"occupied_dwellings":332,"rented_pct":5.3,"source":"INDEC · Censo 2022"},"geometry":{"type":"Polygon","coordinates":[[[-60.69699043043298,-31.662017940130546],[-60.697080529659374,-31.664199900163755],[-60.699993169644415,-31.663823220379474],[-60.70107636001063,-31.6634430096852],[-60.700862829569296,-31.66168559977703],[-60.69916319998374,-31.662114280097363],[-60.69895180034624,-31.661339849947804],[-60.698488530171076,-31.661428059710392],[-60.69803813015896,-31.66182733963901],[-60.69699043043298,-31.662017940130546]]]}},{"type":"Feature","id":"820630410","properties":{"radio":"820630410","population":974,"dwellings":286,"households":287,"rented_households":6,"occupied_dwellings":284,"rented_pct":2.1,"source":"INDEC · Censo 2022"},"geometry":{"type":"Polygon","coordinates":[[[-60.69384091997889,-31.67165770989957],[-60.69395116033223,-31.672301929722206],[-60.69544135040423,-31.672749239831226],[-60.69628908963954,-31.67259581026931],[-60.69701507032292,-31.673083350217844],[-60.69825578027421,-31.671895159626906],[-60.69917353959266,-31.670532869929776],[-60.699352829848635,-31.670536399807617],[-60.70118067956795,-31.667505209820394],[-60.70091552025228,-31.667299249755125],[-60.69958331958423,-31.669633300233148],[-60.69902281037283,-31.669415420224617],[-60.69886593038824,-31.669587630025017],[-60.6980610901993,-31.669127590208646],[-60.69742803035061,-31.669076940229512],[-60.69745611977124,-31.66860332014933],[-60.69662398966229,-31.668017159842297],[-60.695664770398544,-31.668062979911763],[-60.695181519894824,-31.668304600316713],[-60.69411485044499,-31.670208769690568],[-60.69384091997889,-31.67165770989957]]]}},{"type":"Feature","id":"820630411","properties":{"radio":"820630411","population":761,"dwellings":291,"households":252,"rented_households":9,"occupied_dwellings":250,"rented_pct":3.6,"source":"INDEC · Censo 2022"},"geometry":{"type":"Polygon","coordinates":[[[-60.66852016006601,-31.705201449901654],[-60.66905923008486,-31.70388194033705],[-60.67193494032858,-31.70039024983696],[-60.67367481982873,-31.698847950240655],[-60.676087589579005,-31.69628750012566],[-60.683625280364495,-31.687828679906023],[-60.6854630501795,-31.68603318981492],[-60.68979708994703,-31.680955029803776],[-60.68959331970125,-31.68049619986548],[-60.689455280083116,-31.678941280005315],[-60.68755529025658,-31.68013745008076],[-60.68680685977595,-31.68089901980887],[-60.68658410992484,-31.681441320326154],[-60.68627587010308,-31.683981649810264],[-60.68005636986043,-31.690886950099607],[-60.67991859973689,-31.690797500223514],[-60.67644655007832,-31.69415275018631],[-60.6754354998193,-31.693635050370474],[-60.67503800967913,-31.69409258018036],[-60.67594462988805,-31.694755129890975],[-60.67523752011384,-31.69542624000136],[-60.67524937967222,-31.69560654017351],[-60.67507671988135,-31.695796839741547],[-60.67393180986521,-31.695730750287844],[-60.67478771029488,-31.695942670207746],[-60.67211561039684,-31.699113200005655],[-60.67164613016811,-31.699102149698792],[-60.671520829559014,-31.699278660194256],[-60.67170623015556,-31.699390420269715],[-60.67069012956801,-31.700374250117385],[-60.67076613961746,-31.70067596978756],[-60.67021412038379,-31.700922370017654],[-60.6701895703254,-31.70117500999634],[-60.66893863035965,-31.701776790004626],[-60.669050449951264,-31.70192501014864],[-60.66872410997485,-31.702016900343615],[-60.66861533028216,-31.702292529875656],[-60.668377089882284,-31.702167519939344],[-60.667761479807965,-31.702373660214636],[-60.66786806042485,-31.702526419967647],[-60.66768772991976,-31.70312256999667],[-60.66745611998502,-31.7031869101198],[-60.667412399878444,-31.70371019997806],[-60.667554320218606,-31.703641820304647],[-60.66791150025704,-31.704172040219643],[-60.66734524991265,-31.70464396025854],[-60.66735610964611,-31.70542398963221],[-60.6679603802866,-31.705105179861622],[-60.66852016006601,-31.705201449901654]]]}},{"type":"Feature","id":"820630412","properties":{"radio":"820630412","population":594,"dwellings":194,"households":195,"rented_households":23,"occupied_dwellings":193,"rented_pct":11.8,"source":"INDEC · Censo 2022"},"geometry":{"type":"Polygon","coordinates":[[[-60.66135445984301,-31.635580679997574],[-60.6595145897669,-31.635513539646766],[-60.65952845975489,-31.637479490159457],[-60.66124728993131,-31.637565299647946],[-60.66135445984301,-31.635580679997574]]]}},{"type":"Feature","id":"820630413","properties":{"radio":"820630413","population":645,"dwellings":209,"households":207,"rented_households":24,"occupied_dwellings":205,"rented_pct":11.6,"source":"INDEC · Censo 2022"},"geometry":{"type":"Polygon","coordinates":[[[-60.66120665014785,-31.63852597015418],[-60.65653029027331,-31.638342679665858],[-60.65650074019204,-31.639388970219976],[-60.65626877991433,-31.639381150185155],[-60.65625082977832,-31.639827649793265],[-60.657673209622764,-31.639725640258753],[-60.657939910447475,-31.63942666010175],[-60.661176770384884,-31.63951815021668],[-60.66120665014785,-31.63852597015418]]]}},{"type":"Feature","id":"820630414","properties":{"radio":"820630414","population":730,"dwellings":284,"households":275,"rented_households":16,"occupied_dwellings":269,"rented_pct":5.8,"source":"INDEC · Censo 2022"},"geometry":{"type":"Polygon","coordinates":[[[-60.69831523976288,-31.658700949632507],[-60.69857250019226,-31.659263189864863],[-60.696886540270384,-31.660106610356873],[-60.69650181968196,-31.660830179922957],[-60.69653165003762,-31.661294470039074],[-60.69699043043298,-31.662017940130546],[-60.69803813015896,-31.66182733963901],[-60.698488530171076,-31.661428059710392],[-60.69895180034624,-31.661339849947804],[-60.69916319998374,-31.662114280097363],[-60.700862829569296,-31.66168559977703],[-60.70063582978857,-31.66023938970542],[-60.70020776997927,-31.659398519698254],[-60.69955963999334,-31.65873471980504],[-60.69904997991859,-31.658962970370315],[-60.69831523976288,-31.658700949632507]]]}},{"type":"Feature","id":"820630415","properties":{"radio":"820630415","population":1449,"dwellings":432,"households":436,"rented_households":16,"occupied_dwellings":430,"rented_pct":3.7,"source":"INDEC · Censo 2022"},"geometry":{"type":"Polygon","coordinates":[[[-60.70110609963642,-31.667401910256665],[-60.701403830067676,-31.667030519740834],[-60.70105508970133,-31.6669287296729],[-60.70115839955227,-31.666644080213548],[-60.7005303199635,-31.6665528400525],[-60.70081814018052,-31.66556374003458],[-60.69832262032125,-31.66532491010634],[-60.69581978997218,-31.665518950151473],[-60.695181519894824,-31.668304600316713],[-60.695664770398544,-31.668062979911763],[-60.69662398966229,-31.668017159842297],[-60.69745611977124,-31.66860332014933],[-60.69742803035061,-31.669076940229512],[-60.6980610901993,-31.669127590208646],[-60.69886593038824,-31.669587630025017],[-60.69902281037283,-31.669415420224617],[-60.69958331958423,-31.669633300233148],[-60.70091552025228,-31.667299249755125],[-60.70110609963642,-31.667401910256665]]]}},{"type":"Feature","id":"820630416","properties":{"radio":"820630416","population":1101,"dwellings":356,"households":332,"rented_households":19,"occupied_dwellings":325,"rented_pct":5.7,"source":"INDEC · Censo 2022"},"geometry":{"type":"Polygon","coordinates":[[[-60.70107636001063,-31.6634430096852],[-60.699993169644415,-31.663823220379474],[-60.697080529659374,-31.664199900163755],[-60.69699043043298,-31.662017940130546],[-60.69574780976508,-31.662227630192234],[-60.69581978997218,-31.665518950151473],[-60.69832262032125,-31.66532491010634],[-60.70081814018052,-31.66556374003458],[-60.70107636001063,-31.6634430096852]]]}},{"type":"Feature","id":"820630417","properties":{"radio":"820630417","population":1158,"dwellings":335,"households":337,"rented_households":22,"occupied_dwellings":330,"rented_pct":6.5,"source":"INDEC · Censo 2022"},"geometry":{"type":"Polygon","coordinates":[[[-60.66852016006601,-31.705201449901654],[-60.669401669667785,-31.70529603007843],[-60.66952911994536,-31.704682109735316],[-60.670362189692085,-31.703176179763208],[-60.67578054002499,-31.69758326034324],[-60.686112179990324,-31.686101840072627],[-60.68826899995319,-31.683961890094245],[-60.697544060345976,-31.67331494010475],[-60.69628908963954,-31.67259581026931],[-60.69544135040423,-31.672749239831226],[-60.69395116033223,-31.672301929722206],[-60.69384091997889,-31.67165770989957],[-60.6931569103822,-31.67397915033282],[-60.689577089839,-31.678300310158537],[-60.68955434000442,-31.680216840004906],[-60.68979708994703,-31.680955029803776],[-60.6854630501795,-31.68603318981492],[-60.683625280364495,-31.687828679906023],[-60.676087589579005,-31.69628750012566],[-60.67367481982873,-31.698847950240655],[-60.67193494032858,-31.70039024983696],[-60.66905923008486,-31.70388194033705],[-60.66852016006601,-31.705201449901654]]]}},{"type":"Feature","id":"820630418","properties":{"radio":"820630418","population":953,"dwellings":367,"households":356,"rented_households":55,"occupied_dwellings":350,"rented_pct":15.4,"source":"INDEC · Censo 2022"},"geometry":{"type":"Polygon","coordinates":[[[-60.6595145897669,-31.635513539646766],[-60.65844969987964,-31.635478460065688],[-60.65829998036618,-31.63741819969513],[-60.65952845975489,-31.637479490159457],[-60.6595145897669,-31.635513539646766]]]}},{"type":"Feature","id":"820630501","properties":{"radio":"820630501","population":743,"dwellings":229,"households":233,"rented_households":6,"occupied_dwellings":229,"rented_pct":2.6,"source":"INDEC · Censo 2022"},"geometry":{"type":"Polygon","coordinates":[[[-60.74282271967221,-31.56289505038088],[-60.74282350030819,-31.564987340184643],[-60.74965235026593,-31.563450399808833],[-60.75310856981257,-31.563632999621277],[-60.75571076012027,-31.563053989772023],[-60.757074279652365,-31.56429949026562],[-60.75733432036755,-31.565849129939412],[-60.76192480040262,-31.563021610090427],[-60.76353514014386,-31.56223190993548],[-60.7658155898494,-31.561605009640452],[-60.772288919855356,-31.561097110266175],[-60.77392138959363,-31.560451439781428],[-60.776782799556344,-31.558770180365045],[-60.77631773005566,-31.556026879968],[-60.775362030391186,-31.555717039798903],[-60.77483291011242,-31.556049420299725],[-60.774213630420164,-31.55694148978054],[-60.7729019697311,-31.5600833400754],[-60.77249286976419,-31.56028421995991],[-60.77199715962749,-31.56020154033646],[-60.771409409903384,-31.559172469693678],[-60.771383150351014,-31.557901030320366],[-60.771664040065616,-31.55619935018664],[-60.77272498006058,-31.554583149889417],[-60.77254316014876,-31.554246050246924],[-60.77178302012838,-31.554020669885624],[-60.770810590240046,-31.554233969970127],[-60.769060729558774,-31.555322209776044],[-60.768166269843846,-31.5554132597143],[-60.767711569596486,-31.555190529992924],[-60.76704546971164,-31.554229550001516],[-60.76655517012787,-31.552870709756885],[-60.75374745972747,-31.555981569644025],[-60.75343028975348,-31.555830129876693],[-60.74422191040594,-31.558043989980252],[-60.74431113018164,-31.562647410131607],[-60.74282271967221,-31.56289505038088]]]}},{"type":"Feature","id":"820630502","properties":{"radio":"820630502","population":1439,"dwellings":413,"households":423,"rented_households":22,"occupied_dwellings":410,"rented_pct":5.2,"source":"INDEC · Censo 2022"},"geometry":{"type":"Polygon","coordinates":[[[-60.738081460111665,-31.56336893005948],[-60.737592039978566,-31.56609082985483],[-60.74282350030819,-31.564987340184643],[-60.74281756963068,-31.562245749664058],[-60.738081460111665,-31.56336893005948]]]}},{"type":"Feature","id":"820630503","properties":{"radio":"820630503","population":1245,"dwellings":391,"households":381,"rented_households":49,"occupied_dwellings":374,"rented_pct":12.9,"source":"INDEC · Censo 2022"},"geometry":{"type":"Polygon","coordinates":[[[-60.73918680023784,-31.568633839968314],[-60.743728729925046,-31.567565859848656],[-60.74299695959967,-31.564945740314656],[-60.737592039978566,-31.56609082985483],[-60.7377776400011,-31.566252089839598],[-60.7381106796129,-31.56774723005009],[-60.73886255962424,-31.567589579912582],[-60.73918680023784,-31.568633839968314]]]}},{"type":"Feature","id":"820630504","properties":{"radio":"820630504","population":1096,"dwellings":333,"households":332,"rented_households":21,"occupied_dwellings":329,"rented_pct":6.3,"source":"INDEC · Censo 2022"},"geometry":{"type":"Polygon","coordinates":[[[-60.737160050039904,-31.568081889850642],[-60.73808130021153,-31.571372830296376],[-60.741877719841106,-31.57058428001782],[-60.74118981964092,-31.56818034004565],[-60.73918680023784,-31.568633839968314],[-60.73886255962424,-31.567589579912582],[-60.7381106796129,-31.56774723005009],[-60.7377776400011,-31.566252089839598],[-60.737592039978566,-31.56609082985483],[-60.73685074032465,-31.566252930244882],[-60.73736408978027,-31.567909369656906],[-60.737160050039904,-31.568081889850642]]]}},{"type":"Feature","id":"820630505","properties":{"radio":"820630505","population":1086,"dwellings":339,"households":337,"rented_households":12,"occupied_dwellings":334,"rented_pct":3.6,"source":"INDEC · Censo 2022"},"geometry":{"type":"Polygon","coordinates":[[[-60.74540276021996,-31.571443069905484],[-60.745143009660595,-31.570569800154143],[-60.742887490000825,-31.571065409883953],[-60.74262253011114,-31.570196669846933],[-60.744878070432165,-31.56970556964055],[-60.74463415986623,-31.568836709781234],[-60.742641499835,-31.56926766019521],[-60.74307590983504,-31.568259569917043],[-60.743077100102795,-31.567745510231845],[-60.74118981964092,-31.56818034004565],[-60.741877719841106,-31.57058428001782],[-60.73808130021153,-31.571372830296376],[-60.73842767980531,-31.572552250053896],[-60.74173522996905,-31.571879260106915],[-60.74161178977089,-31.572254239647513],[-60.74540276021996,-31.571443069905484]]]}},{"type":"Feature","id":"820630506","properties":{"radio":"820630506","population":906,"dwellings":247,"households":252,"rented_households":6,"occupied_dwellings":246,"rented_pct":2.4,"source":"INDEC · Censo 2022"},"geometry":{"type":"Polygon","coordinates":[[[-60.74307590983504,-31.568259569917043],[-60.74445333977932,-31.567953950135056],[-60.744298579818796,-31.5670349700067],[-60.748609699970174,-31.566098930059052],[-60.747922960393346,-31.56385735023726],[-60.74299695959967,-31.564945740314656],[-60.74375431035108,-31.567471020098175],[-60.743077100102795,-31.567745510231845],[-60.74307590983504,-31.568259569917043]]]}},{"type":"Feature","id":"820630507","properties":{"radio":"820630507","population":903,"dwellings":334,"households":312,"rented_households":10,"occupied_dwellings":304,"rented_pct":3.2,"source":"INDEC · Censo 2022"},"geometry":{"type":"Polygon","coordinates":[[[-60.74945728020368,-31.568032929918964],[-60.75266376989795,-31.56726556030228],[-60.751524510284945,-31.563773090133807],[-60.75162282999448,-31.563556069729035],[-60.75007847959569,-31.56339379013568],[-60.747922960393346,-31.56385735023726],[-60.7491292495979,-31.56784546016802],[-60.749581550445136,-31.567766160294813],[-60.74945728020368,-31.568032929918964]]]}},{"type":"Feature","id":"820630508","properties":{"radio":"820630508","population":1454,"dwellings":409,"households":411,"rented_households":29,"occupied_dwellings":396,"rented_pct":7.1,"source":"INDEC · Censo 2022"},"geometry":{"type":"Polygon","coordinates":[[[-60.75266376989795,-31.56726556030228],[-60.75602808011291,-31.56648364034498],[-60.757322479673796,-31.565686859693848],[-60.757074279652365,-31.56429949026562],[-60.75571076012027,-31.563053989772023],[-60.75310856981257,-31.563632999621277],[-60.75162282999448,-31.563556069729035],[-60.751524510284945,-31.563773090133807],[-60.75266376989795,-31.56726556030228]]]}},{"type":"Feature","id":"820630509","properties":{"radio":"820630509","population":1125,"dwellings":364,"households":367,"rented_households":15,"occupied_dwellings":357,"rented_pct":4.1,"source":"INDEC · Censo 2022"},"geometry":{"type":"Polygon","coordinates":[[[-60.746754200106416,-31.57580011981032],[-60.74748696037526,-31.578519409826203],[-60.75731412983322,-31.57638279978589],[-60.75711943975832,-31.57510333031275],[-60.75768066043543,-31.572858920120563],[-60.75779293008303,-31.570459350077297],[-60.75804297973561,-31.570119670363496],[-60.75875686011213,-31.569822340246986],[-60.7594364904218,-31.56984986973343],[-60.76090562039027,-31.570463400372446],[-60.761505309622805,-31.570374159900513],[-60.76187596978039,-31.56997063001178],[-60.762008630286616,-31.56879743990084],[-60.761247179624235,-31.567773870007674],[-60.76087134966219,-31.56624297014055],[-60.761064800062,-31.565421140380206],[-60.76245403027583,-31.56398794008203],[-60.76297397965386,-31.56381349035388],[-60.76419403015025,-31.564243599830583],[-60.765932200156435,-31.5655634203184],[-60.76987182022542,-31.57072535964788],[-60.770745580061245,-31.570661469692293],[-60.77089486029855,-31.57024121019799],[-60.77030315978383,-31.56809838994188],[-60.770334950263425,-31.566199820136593],[-60.770924069918316,-31.565470280022005],[-60.771838279993084,-31.565207740349152],[-60.77274481037047,-31.565292440029324],[-60.773556720300675,-31.566036060270946],[-60.77408612983696,-31.568282959925792],[-60.77451014992241,-31.569245370272842],[-60.77615529039777,-31.570114680185526],[-60.77730166017625,-31.569900289795783],[-60.777690760051655,-31.568554180272763],[-60.777797290362905,-31.562353349828783],[-60.776782799556344,-31.558770180365045],[-60.77392138959363,-31.560451439781428],[-60.772288919855356,-31.561097110266175],[-60.7658155898494,-31.561605009640452],[-60.76353514014386,-31.56223190993548],[-60.75602808011291,-31.56648364034498],[-60.75075046973387,-31.567732239999927],[-60.7512952395632,-31.5693343301685],[-60.748597219675936,-31.569810099729555],[-60.747189469794186,-31.572920690104556],[-60.74651541981907,-31.57491771002773],[-60.750768690262774,-31.573950359839202],[-60.750849979711155,-31.574892309642582],[-60.746754200106416,-31.57580011981032]]]}},{"type":"Feature","id":"820630510","properties":{"radio":"820630510","population":1527,"dwellings":444,"households":454,"rented_households":38,"occupied_dwellings":439,"rented_pct":8.4,"source":"INDEC · Censo 2022"},"geometry":{"type":"Polygon","coordinates":[[[-60.73842767980531,-31.572552250053896],[-60.73876900996887,-31.573758750044355],[-60.74059366977061,-31.57338294004052],[-60.74084801965847,-31.57424272969309],[-60.739149559679426,-31.5745952702641],[-60.739744360280184,-31.576548839711553],[-60.74581446979276,-31.57287911979534],[-60.74540276021996,-31.571443069905484],[-60.74161178977089,-31.572254239647513],[-60.74173522996905,-31.571879260106915],[-60.73842767980531,-31.572552250053896]]]}},{"type":"Feature","id":"820630511","properties":{"radio":"820630511","population":978,"dwellings":318,"households":314,"rented_households":16,"occupied_dwellings":308,"rented_pct":5.1,"source":"INDEC · Censo 2022"},"geometry":{"type":"Polygon","coordinates":[[[-60.73876900996887,-31.573758750044355],[-60.737908120296105,-31.570783119797646],[-60.73608889979342,-31.571176900127064],[-60.73713529965719,-31.574976659956345],[-60.74084801965847,-31.57424272969309],[-60.74059366977061,-31.57338294004052],[-60.73876900996887,-31.573758750044355]]]}},{"type":"Feature","id":"820630512","properties":{"radio":"820630512","population":782,"dwellings":271,"households":264,"rented_households":43,"occupied_dwellings":260,"rented_pct":16.3,"source":"INDEC · Censo 2022"},"geometry":{"type":"Polygon","coordinates":[[[-60.72787312020727,-31.577338469897978],[-60.72831229038,-31.57624023023099],[-60.73436081966453,-31.575136930316855],[-60.734484750342794,-31.57549244001158],[-60.73713529965719,-31.574976659956345],[-60.7367660202102,-31.573562889942593],[-60.73342195981836,-31.57429458007845],[-60.73308551020175,-31.573029419840882],[-60.730918900398905,-31.573461179736736],[-60.731022169825664,-31.573870929693964],[-60.72866070016632,-31.574308290206677],[-60.72787312020727,-31.577338469897978]]]}},{"type":"Feature","id":"820630513","properties":{"radio":"820630513","population":1201,"dwellings":385,"households":376,"rented_households":56,"occupied_dwellings":366,"rented_pct":14.9,"source":"INDEC · Censo 2022"},"geometry":{"type":"Polygon","coordinates":[[[-60.72800985008174,-31.577310640326985],[-60.73421656999283,-31.576219970059324],[-60.73388309020653,-31.577353710189197],[-60.73517249962601,-31.57722004033727],[-60.73521583974521,-31.577373099962514],[-60.73969564015075,-31.57638228013815],[-60.739149559679426,-31.5745952702641],[-60.734484750342794,-31.57549244001158],[-60.73436081966453,-31.575136930316855],[-60.72831229038,-31.57624023023099],[-60.72800985008174,-31.577310640326985]]]}},{"type":"Feature","id":"820630514","properties":{"radio":"820630514","population":1106,"dwellings":312,"households":310,"rented_households":20,"occupied_dwellings":301,"rented_pct":6.5,"source":"INDEC · Censo 2022"},"geometry":{"type":"Polygon","coordinates":[[[-60.74422191040594,-31.558043989980252],[-60.74086921989916,-31.558938260212006],[-60.74205011013737,-31.5624260700946],[-60.74281756963068,-31.562245749664058],[-60.74282271967221,-31.56289505038088],[-60.74431113018164,-31.562647410131607],[-60.74422191040594,-31.558043989980252]]]}},{"type":"Feature","id":"820630515","properties":{"radio":"820630515","population":817,"dwellings":237,"households":232,"rented_households":8,"occupied_dwellings":227,"rented_pct":3.4,"source":"INDEC · Censo 2022"},"geometry":{"type":"Polygon","coordinates":[[[-60.742641499835,-31.56926766019521],[-60.7491292495979,-31.56784546016802],[-60.748609699970174,-31.566098930059052],[-60.744298579818796,-31.5670349700067],[-60.74445333977932,-31.567953950135056],[-60.74307590983504,-31.568259569917043],[-60.742641499835,-31.56926766019521]]]}},{"type":"Feature","id":"820630516","properties":{"radio":"820630516","population":494,"dwellings":130,"households":137,"rented_households":2,"occupied_dwellings":128,"rented_pct":1.5,"source":"INDEC · Censo 2022"},"geometry":{"type":"Polygon","coordinates":[[[-60.74651541981907,-31.57491771002773],[-60.746754200106416,-31.57580011981032],[-60.750849979711155,-31.574892309642582],[-60.750919849775634,-31.574409420133946],[-60.750768690262774,-31.573950359839202],[-60.74651541981907,-31.57491771002773]]]}},{"type":"Feature","id":"820630517","properties":{"radio":"820630517","population":1487,"dwellings":412,"households":419,"rented_households":25,"occupied_dwellings":408,"rented_pct":6.0,"source":"INDEC · Censo 2022"},"geometry":{"type":"Polygon","coordinates":[[[-60.749581550445136,-31.567766160294813],[-60.74463415986623,-31.568836709781234],[-60.744878070432165,-31.56970556964055],[-60.74262253011114,-31.570196669846933],[-60.742887490000825,-31.571065409883953],[-60.745143009660595,-31.570569800154143],[-60.74581446979276,-31.57287911979534],[-60.747832059869744,-31.571604740047533],[-60.748597219675936,-31.569810099729555],[-60.7512952395632,-31.5693343301685],[-60.75075046973387,-31.567732239999927],[-60.74945728020368,-31.568032929918964],[-60.749581550445136,-31.567766160294813]]]}},{"type":"Feature","id":"820630601","properties":{"radio":"820630601","population":1305,"dwellings":418,"households":384,"rented_households":46,"occupied_dwellings":381,"rented_pct":12.0,"source":"INDEC · Censo 2022"},"geometry":{"type":"Polygon","coordinates":[[[-60.69414080007859,-31.594931830076142],[-60.69438975019329,-31.59582330030281],[-60.69731892995935,-31.595121950190173],[-60.69760025984844,-31.596112439934974],[-60.69996722989226,-31.59561250023819],[-60.69909284033742,-31.592808029706077],[-60.69602711035997,-31.593555270093976],[-60.69630238021416,-31.594442089813974],[-60.69414080007859,-31.594931830076142]]]}},{"type":"Feature","id":"820630602","properties":{"radio":"820630602","population":1066,"dwellings":362,"households":354,"rented_households":56,"occupied_dwellings":347,"rented_pct":15.8,"source":"INDEC · Censo 2022"},"geometry":{"type":"Polygon","coordinates":[[[-60.69170577995707,-31.59834499983215],[-60.69635529008608,-31.597305160027688],[-60.696530880181406,-31.598246639648107],[-60.69804032025164,-31.597900210171428],[-60.69731892995935,-31.595121950190173],[-60.691759810028145,-31.596387699632995],[-60.69170577995707,-31.59834499983215]]]}},{"type":"Feature","id":"820630603","properties":{"radio":"820630603","population":719,"dwellings":271,"households":264,"rented_households":48,"occupied_dwellings":259,"rented_pct":18.2,"source":"INDEC · Censo 2022"},"geometry":{"type":"Polygon","coordinates":[[[-60.69177063023576,-31.59927806021551],[-60.691698579960075,-31.597371040214462],[-60.691277700384845,-31.59744997976972],[-60.69102868020155,-31.5965449697555],[-60.689597960398004,-31.596850309863594],[-60.68987331020226,-31.597755179951417],[-60.68743793973776,-31.59828235990929],[-60.687956970139254,-31.600087769623624],[-60.69177063023576,-31.59927806021551]]]}},{"type":"Feature","id":"820630604","properties":{"radio":"820630604","population":1285,"dwellings":438,"households":433,"rented_households":79,"occupied_dwellings":431,"rented_pct":18.2,"source":"INDEC · Censo 2022"},"geometry":{"type":"Polygon","coordinates":[[[-60.686934660396474,-31.59646783977423],[-60.68269497966638,-31.597365359808087],[-60.68302808036363,-31.59825189994233],[-60.68168674023589,-31.598538640235112],[-60.68195761014183,-31.59883931034732],[-60.682410960221304,-31.60032042965792],[-60.68769749985427,-31.59919182979435],[-60.686934660396474,-31.59646783977423]]]}},{"type":"Feature","id":"820630605","properties":{"radio":"820630605","population":915,"dwellings":272,"households":263,"rented_households":23,"occupied_dwellings":253,"rented_pct":8.7,"source":"INDEC · Censo 2022"},"geometry":{"type":"Polygon","coordinates":[[[-60.67948629987944,-31.598054349867017],[-60.680285820245246,-31.60077818025114],[-60.682410960221304,-31.60032042965792],[-60.68195761014183,-31.59883931034732],[-60.68168674023589,-31.598538640235112],[-60.68302808036363,-31.59825189994233],[-60.68269497966638,-31.597365359808087],[-60.67948629987944,-31.598054349867017]]]}},{"type":"Feature","id":"820630606","properties":{"radio":"820630606","population":874,"dwellings":295,"households":278,"rented_households":39,"occupied_dwellings":273,"rented_pct":14.0,"source":"INDEC · Censo 2022"},"geometry":{"type":"Polygon","coordinates":[[[-60.68268094977827,-31.601220839875307],[-60.682410960221304,-31.60032042965792],[-60.680285820245246,-31.60077818025114],[-60.67948629987944,-31.598054349867017],[-60.67841845992479,-31.598280969661843],[-60.67869901007624,-31.59919035004074],[-60.677631199766,-31.59942147977341],[-60.678420139774374,-31.602145390295192],[-60.68268094977827,-31.601220839875307]]]}},{"type":"Feature","id":"820630607","properties":{"radio":"820630607","population":673,"dwellings":264,"households":252,"rented_households":51,"occupied_dwellings":250,"rented_pct":20.2,"source":"INDEC · Censo 2022"},"geometry":{"type":"Polygon","coordinates":[[[-60.676326700446374,-31.602625449822412],[-60.678420139774374,-31.602145390295192],[-60.67738737004843,-31.59848935964349],[-60.67531478960131,-31.598928710255574],[-60.67536917001536,-31.59916291032387],[-60.67516930025454,-31.59920905966432],[-60.676326700446374,-31.602625449822412]]]}},{"type":"Feature","id":"820630608","properties":{"radio":"820630608","population":592,"dwellings":242,"households":224,"rented_households":37,"occupied_dwellings":221,"rented_pct":16.5,"source":"INDEC · Censo 2022"},"geometry":{"type":"Polygon","coordinates":[[[-60.683470250011084,-31.60397175965335],[-60.68268094977827,-31.601220839875307],[-60.676815749575255,-31.602496599620697],[-60.677133150416275,-31.60340128019531],[-60.68184106002191,-31.602366160128234],[-60.68238658982597,-31.604203019825203],[-60.683470250011084,-31.60397175965335]]]}},{"type":"Feature","id":"820630609","properties":{"radio":"820630609","population":857,"dwellings":369,"households":316,"rented_households":77,"occupied_dwellings":315,"rented_pct":24.4,"source":"INDEC · Censo 2022"},"geometry":{"type":"Polygon","coordinates":[[[-60.68532005994583,-31.602600060050012],[-60.688518339936714,-31.6019154999045],[-60.68769749985427,-31.59919182979435],[-60.68452037967991,-31.59987625999717],[-60.68532005994583,-31.602600060050012]]]}},{"type":"Feature","id":"820630610","properties":{"radio":"820630610","population":686,"dwellings":258,"households":240,"rented_households":34,"occupied_dwellings":231,"rented_pct":14.2,"source":"INDEC · Censo 2022"},"geometry":{"type":"Polygon","coordinates":[[[-60.691784899974024,-31.60120794013172],[-60.69845982989605,-31.599755719800417],[-60.69823679977058,-31.598814510222322],[-60.69426577998914,-31.599706429906195],[-60.6939956799394,-31.598806050189896],[-60.69253342028621,-31.599125119968093],[-60.692289620213046,-31.59821557980442],[-60.69170577995707,-31.59834499983215],[-60.691784899974024,-31.60120794013172]]]}},{"type":"Feature","id":"820630611","properties":{"radio":"820630611","population":618,"dwellings":270,"households":240,"rented_households":46,"occupied_dwellings":234,"rented_pct":19.2,"source":"INDEC · Censo 2022"},"geometry":{"type":"Polygon","coordinates":[[[-60.69823679977058,-31.598814510222322],[-60.69804032025164,-31.597900210171428],[-60.696530880181406,-31.598246639648107],[-60.69635529008608,-31.597305160027688],[-60.692289620213046,-31.59821557980442],[-60.69253342028621,-31.599125119968093],[-60.6939956799394,-31.598806050189896],[-60.69426577998914,-31.599706429906195],[-60.69823679977058,-31.598814510222322]]]}},{"type":"Feature","id":"820630612","properties":{"radio":"820630612","population":819,"dwellings":282,"households":278,"rented_households":33,"occupied_dwellings":273,"rented_pct":11.9,"source":"INDEC · Censo 2022"},"geometry":{"type":"Polygon","coordinates":[[[-60.701063450321676,-31.599186819749434],[-60.69996722989226,-31.59561250023819],[-60.69760025984844,-31.596112439934974],[-60.69845982989605,-31.599755719800417],[-60.701063450321676,-31.599186819749434]]]}},{"type":"Feature","id":"820630613","properties":{"radio":"820630613","population":812,"dwellings":322,"households":316,"rented_households":94,"occupied_dwellings":313,"rented_pct":29.7,"source":"INDEC · Censo 2022"},"geometry":{"type":"Polygon","coordinates":[[[-60.69261302000354,-31.605608970338462],[-60.691784899974024,-31.60120794013172],[-60.68744525022756,-31.602146739934597],[-60.687725999804975,-31.603069620142897],[-60.68878333036911,-31.60284296991995],[-60.68972433000227,-31.606134150322365],[-60.69261302000354,-31.605608970338462]]]}},{"type":"Feature","id":"820630614","properties":{"radio":"820630614","population":983,"dwellings":399,"households":374,"rented_households":85,"occupied_dwellings":368,"rented_pct":22.7,"source":"INDEC · Censo 2022"},"geometry":{"type":"Polygon","coordinates":[[[-60.68744525022756,-31.602146739934597],[-60.68320005024836,-31.603044310061414],[-60.683557049725415,-31.6043139998986],[-60.68464068026612,-31.604078229821567],[-60.6845381699158,-31.603749599635517],[-60.686652690008565,-31.603273799817433],[-60.686922870008374,-31.60419222983375],[-60.68542870039967,-31.604484340313018],[-60.685976779622486,-31.60665936024183],[-60.68972433000227,-31.606134150322365],[-60.68878333036911,-31.60284296991995],[-60.687725999804975,-31.603069620142897],[-60.68744525022756,-31.602146739934597]]]}},{"type":"Feature","id":"820630615","properties":{"radio":"820630615","population":807,"dwellings":323,"households":316,"rented_households":68,"occupied_dwellings":314,"rented_pct":21.5,"source":"INDEC · Censo 2022"},"geometry":{"type":"Polygon","coordinates":[[[-60.68185874964648,-31.606239500253647],[-60.68170182025456,-31.605672179902985],[-60.68550503024935,-31.604835650223492],[-60.68542870039967,-31.604484340313018],[-60.686922870008374,-31.60419222983375],[-60.686652690008565,-31.603273799817433],[-60.6845381699158,-31.603749599635517],[-60.68464068026612,-31.604078229821567],[-60.683557049725415,-31.6043139998986],[-60.683470250011084,-31.60397175965335],[-60.679219820040295,-31.604891770324937],[-60.67972289995561,-31.606692789733913],[-60.68185874964648,-31.606239500253647]]]}},{"type":"Feature","id":"820630616","properties":{"radio":"820630616","population":789,"dwellings":329,"households":310,"rented_households":78,"occupied_dwellings":307,"rented_pct":25.2,"source":"INDEC · Censo 2022"},"geometry":{"type":"Polygon","coordinates":[[[-60.677133150416275,-31.60340128019531],[-60.67774684977398,-31.60520623032375],[-60.68238658982597,-31.604203019825203],[-60.68184106002191,-31.602366160128234],[-60.677133150416275,-31.60340128019531]]]}},{"type":"Feature","id":"820630617","properties":{"radio":"820630617","population":840,"dwellings":348,"households":351,"rented_households":107,"occupied_dwellings":344,"rented_pct":30.5,"source":"INDEC · Censo 2022"},"geometry":{"type":"Polygon","coordinates":[[[-60.67598744988269,-31.605986630380592],[-60.67726398015595,-31.60837426966674],[-60.682220789570614,-31.60747761007684],[-60.68185874964648,-31.606239500253647],[-60.67972289995561,-31.606692789733913],[-60.679219820040295,-31.604891770324937],[-60.67774684977398,-31.60520623032375],[-60.67787617034397,-31.605602350159486],[-60.67598744988269,-31.605986630380592]]]}},{"type":"Feature","id":"820630618","properties":{"radio":"820630618","population":608,"dwellings":271,"households":243,"rented_households":57,"occupied_dwellings":242,"rented_pct":23.5,"source":"INDEC · Censo 2022"},"geometry":{"type":"Polygon","coordinates":[[[-60.682220789570614,-31.60747761007684],[-60.68545684012592,-31.606887610102497],[-60.68651977977072,-31.606701539774285],[-60.68648720955345,-31.606570940152892],[-60.685976779622486,-31.60665936024183],[-60.68550503024935,-31.604835650223492],[-60.68170182025456,-31.605672179902985],[-60.682220789570614,-31.60747761007684]]]}},{"type":"Feature","id":"820630619","properties":{"radio":"820630619","population":514,"dwellings":206,"households":193,"rented_households":54,"occupied_dwellings":192,"rented_pct":28.0,"source":"INDEC · Censo 2022"},"geometry":{"type":"Polygon","coordinates":[[[-60.691784899974024,-31.60120794013172],[-60.69177063023576,-31.59927806021551],[-60.687956970139254,-31.600087769623624],[-60.688518339936714,-31.6019154999045],[-60.691784899974024,-31.60120794013172]]]}},{"type":"Feature","id":"820630620","properties":{"radio":"820630620","population":569,"dwellings":238,"households":213,"rented_households":54,"occupied_dwellings":209,"rented_pct":25.4,"source":"INDEC · Censo 2022"},"geometry":{"type":"Polygon","coordinates":[[[-60.68532005994583,-31.602600060050012],[-60.68452037967991,-31.59987625999717],[-60.682410960221304,-31.60032042965792],[-60.68320005024836,-31.603044310061414],[-60.68532005994583,-31.602600060050012]]]}},{"type":"Feature","id":"820630701","properties":{"radio":"820630701","population":875,"dwellings":269,"households":269,"rented_households":29,"occupied_dwellings":264,"rented_pct":10.8,"source":"INDEC · Censo 2022"},"geometry":{"type":"Polygon","coordinates":[[[-60.66326413979651,-31.60165230007349],[-60.66387994031366,-31.60156342993799],[-60.66411533035913,-31.598356130220072],[-60.67307376964854,-31.59646044997126],[-60.671924089578255,-31.586018570150742],[-60.6649053797869,-31.574588230011965],[-60.650460019962296,-31.57793630009716],[-60.65147720032481,-31.581051530108027],[-60.65255612010017,-31.58167732011769],[-60.65580753993169,-31.58263017028945],[-60.65923327964073,-31.58513773019614],[-60.66147889986606,-31.58760170986833],[-60.662528730395884,-31.591541869688676],[-60.662547530338166,-31.59270966979656],[-60.66229419015668,-31.593387369723192],[-60.66241583013098,-31.594198399752585],[-60.66361562002445,-31.598466949697467],[-60.66326413979651,-31.60165230007349]]]}},{"type":"Feature","id":"820630702","properties":{"radio":"820630702","population":728,"dwellings":282,"households":264,"rented_households":60,"occupied_dwellings":259,"rented_pct":22.7,"source":"INDEC · Censo 2022"},"geometry":{"type":"Polygon","coordinates":[[[-60.67171614036976,-31.60182007001553],[-60.675567260213604,-31.601060250182233],[-60.674953630026174,-31.599255290085175],[-60.67516930025454,-31.59920905966432],[-60.67499915035656,-31.59826300968275],[-60.67508991972614,-31.59769888033257],[-60.67569362981787,-31.595941589918883],[-60.6730899303405,-31.596509970362558],[-60.673838379685776,-31.599486640012266],[-60.671213209574795,-31.60001451025381],[-60.67171614036976,-31.60182007001553]]]}},{"type":"Feature","id":"820630703","properties":{"radio":"820630703","population":709,"dwellings":313,"households":296,"rented_households":78,"occupied_dwellings":293,"rented_pct":26.4,"source":"INDEC · Censo 2022"},"geometry":{"type":"Polygon","coordinates":[[[-60.663608299653205,-31.60634914974326],[-60.669206100142226,-31.605197139683742],[-60.66851759986745,-31.602486179739387],[-60.66339296000488,-31.60347337013749],[-60.663608299653205,-31.60634914974326]]]}},{"type":"Feature","id":"820630704","properties":{"radio":"820630704","population":628,"dwellings":313,"households":256,"rented_households":72,"occupied_dwellings":254,"rented_pct":28.1,"source":"INDEC · Censo 2022"},"geometry":{"type":"Polygon","coordinates":[[[-60.676815749575255,-31.602496599620697],[-60.676326700446374,-31.602625449822412],[-60.67516930025454,-31.59920905966432],[-60.674953630026174,-31.599255290085175],[-60.675567260213604,-31.601060250182233],[-60.67280007004946,-31.6016249796734],[-60.673494050047495,-31.604349420215154],[-60.67512498995483,-31.604020650210284],[-60.67539501993596,-31.604934600209994],[-60.67658954031198,-31.604729870258826],[-60.67695003962539,-31.605765090287775],[-60.67787617034397,-31.605602350159486],[-60.676815749575255,-31.602496599620697]]]}},{"type":"Feature","id":"820630705","properties":{"radio":"820630705","population":572,"dwellings":265,"households":248,"rented_households":83,"occupied_dwellings":247,"rented_pct":33.5,"source":"INDEC · Censo 2022"},"geometry":{"type":"Polygon","coordinates":[[[-60.670987729743544,-31.607510060001363],[-60.67623326038545,-31.606463309934266],[-60.67598744988269,-31.605986630380592],[-60.67695003962539,-31.605765090287775],[-60.67658954031198,-31.604729870258826],[-60.67539501993596,-31.604934600209994],[-60.67512498995483,-31.604020650210284],[-60.6703214304327,-31.604965829955503],[-60.670987729743544,-31.607510060001363]]]}},{"type":"Feature","id":"820630706","properties":{"radio":"820630706","population":623,"dwellings":299,"households":276,"rented_households":111,"occupied_dwellings":273,"rented_pct":40.2,"source":"INDEC · Censo 2022"},"geometry":{"type":"Polygon","coordinates":[[[-60.672013739646985,-31.607310769929033],[-60.672548719636325,-31.609170269959947],[-60.67719457002889,-31.608248379753974],[-60.67623326038545,-31.606463309934266],[-60.672013739646985,-31.607310769929033]]]}},{"type":"Feature","id":"820630707","properties":{"radio":"820630707","population":847,"dwellings":368,"households":359,"rented_households":104,"occupied_dwellings":353,"rented_pct":29.0,"source":"INDEC · Censo 2022"},"geometry":{"type":"Polygon","coordinates":[[[-60.66775079973755,-31.61315906029853],[-60.67224350983204,-31.612156989689026],[-60.67196828040203,-31.61125207976087],[-60.6730363099012,-31.611030009791733],[-60.672548719636325,-31.609170269959947],[-60.66600003984266,-31.61074673989139],[-60.66571414022371,-31.611293850218527],[-60.66587666971311,-31.611919789756872],[-60.66600296026565,-31.611896579770296],[-60.665816750287036,-31.611645029627297],[-60.66589794002242,-31.611207210159204],[-60.666207939643805,-31.611823360291872],[-60.66775079973755,-31.61315906029853]]]}},{"type":"Feature","id":"820630708","properties":{"radio":"820630708","population":616,"dwellings":294,"households":268,"rented_households":80,"occupied_dwellings":268,"rented_pct":29.9,"source":"INDEC · Censo 2022"},"geometry":{"type":"Polygon","coordinates":[[[-60.672548719636325,-31.609170269959947],[-60.673555280115565,-31.61285351968029],[-60.67567542995023,-31.612391399762995],[-60.67554006012511,-31.61188707973191],[-60.676597580233775,-31.611669550161736],[-60.67621901041012,-31.61032328966791],[-60.67515636002286,-31.610558880214345],[-60.674658420267605,-31.60873076033877],[-60.672548719636325,-31.609170269959947]]]}},{"type":"Feature","id":"820630709","properties":{"radio":"820630709","population":670,"dwellings":291,"households":272,"rented_households":70,"occupied_dwellings":270,"rented_pct":25.7,"source":"INDEC · Censo 2022"},"geometry":{"type":"Polygon","coordinates":[[[-60.67567542995023,-31.612391399762995],[-60.67926867042546,-31.61161928963835],[-60.67848239032863,-31.610730649757564],[-60.67719457002889,-31.608248379753974],[-60.674658420267605,-31.60873076033877],[-60.67515636002286,-31.610558880214345],[-60.67621901041012,-31.61032328966791],[-60.67648386968848,-31.611246280092015],[-60.676597580233775,-31.611669550161736],[-60.67554006012511,-31.61188707973191],[-60.67567542995023,-31.612391399762995]]]}},{"type":"Feature","id":"820630710","properties":{"radio":"820630710","population":630,"dwellings":261,"households":246,"rented_households":60,"occupied_dwellings":246,"rented_pct":24.4,"source":"INDEC · Censo 2022"},"geometry":{"type":"Polygon","coordinates":[[[-60.67752728984046,-31.61490224974382],[-60.68122056041751,-31.61410700991556],[-60.67926867042546,-31.61161928963835],[-60.67672232029414,-31.612160390200337],[-60.67752728984046,-31.61490224974382]]]}},{"type":"Feature","id":"820630711","properties":{"radio":"820630711","population":717,"dwellings":344,"households":317,"rented_households":105,"occupied_dwellings":317,"rented_pct":33.1,"source":"INDEC · Censo 2022"},"geometry":{"type":"Polygon","coordinates":[[[-60.673555280115565,-31.61285351968029],[-60.6743074296215,-31.61559115977051],[-60.67752728984046,-31.61490224974382],[-60.67672232029414,-31.612160390200337],[-60.673555280115565,-31.61285351968029]]]}},{"type":"Feature","id":"820630712","properties":{"radio":"820630712","population":694,"dwellings":342,"households":296,"rented_households":73,"occupied_dwellings":291,"rented_pct":24.7,"source":"INDEC · Censo 2022"},"geometry":{"type":"Polygon","coordinates":[[[-60.67173081973983,-31.61633975038133],[-60.6743074296215,-31.61559115977051],[-60.6730363099012,-31.611030009791733],[-60.67196828040203,-31.61125207976087],[-60.67224350983204,-31.612156989689026],[-60.66775079973755,-31.61315906029853],[-60.67173081973983,-31.61633975038133]]]}},{"type":"Feature","id":"820630713","properties":{"radio":"820630713","population":1083,"dwellings":399,"households":379,"rented_households":69,"occupied_dwellings":378,"rented_pct":18.2,"source":"INDEC · Censo 2022"},"geometry":{"type":"Polygon","coordinates":[[[-60.66387994031366,-31.60156342993799],[-60.673838379685776,-31.599486640012266],[-60.67307376964854,-31.59646044997126],[-60.66411533035913,-31.598356130220072],[-60.66387994031366,-31.60156342993799]]]}},{"type":"Feature","id":"820630714","properties":{"radio":"820630714","population":606,"dwellings":263,"households":235,"rented_households":44,"occupied_dwellings":234,"rented_pct":18.7,"source":"INDEC · Censo 2022"},"geometry":{"type":"Polygon","coordinates":[[[-60.66339296000488,-31.60347337013749],[-60.67171614036976,-31.60182007001553],[-60.671213209574795,-31.60001451025381],[-60.66326413979651,-31.60165230007349],[-60.66339296000488,-31.60347337013749]]]}},{"type":"Feature","id":"820630715","properties":{"radio":"820630715","population":539,"dwellings":258,"households":224,"rented_households":53,"occupied_dwellings":221,"rented_pct":23.7,"source":"INDEC · Censo 2022"},"geometry":{"type":"Polygon","coordinates":[[[-60.67280007004946,-31.6016249796734],[-60.66851759986745,-31.602486179739387],[-60.669206100142226,-31.605197139683742],[-60.673494050047495,-31.604349420215154],[-60.67280007004946,-31.6016249796734]]]}},{"type":"Feature","id":"820630716","properties":{"radio":"820630716","population":605,"dwellings":283,"households":262,"rented_households":71,"occupied_dwellings":259,"rented_pct":27.1,"source":"INDEC · Censo 2022"},"geometry":{"type":"Polygon","coordinates":[[[-60.66438520044015,-31.608910869962806],[-60.670987729743544,-31.607510060001363],[-60.6703214304327,-31.604965829955503],[-60.663608299653205,-31.60634914974326],[-60.663906659803466,-31.60830010028471],[-60.66416684963899,-31.608582829854612],[-60.66394752955564,-31.608119519736803],[-60.66405485038431,-31.60764999964544],[-60.66419198989053,-31.60767182976415],[-60.66438520044015,-31.608910869962806]]]}},{"type":"Feature","id":"820630717","properties":{"radio":"820630717","population":645,"dwellings":281,"households":264,"rented_households":87,"occupied_dwellings":258,"rented_pct":33.0,"source":"INDEC · Censo 2022"},"geometry":{"type":"Polygon","coordinates":[[[-60.672013739646985,-31.607310769929033],[-60.66779923959261,-31.608135510100063],[-60.66438520044015,-31.608910869962806],[-60.664712170135594,-31.609693779665424],[-60.665781290189514,-31.611104109676447],[-60.66619421967448,-31.61063751022815],[-60.672548719636325,-31.609170269959947],[-60.672013739646985,-31.607310769929033]]]}},{"type":"Feature","id":"820630801","properties":{"radio":"820630801","population":676,"dwellings":300,"households":272,"rented_households":77,"occupied_dwellings":270,"rented_pct":28.3,"source":"INDEC · Censo 2022"},"geometry":{"type":"Polygon","coordinates":[[[-60.68972433000227,-31.606134150322365],[-60.690637259977755,-31.609181959831144],[-60.69373574971699,-31.60851583986216],[-60.69261302000354,-31.605608970338462],[-60.68972433000227,-31.606134150322365]]]}},{"type":"Feature","id":"820630802","properties":{"radio":"820630802","population":840,"dwellings":347,"households":327,"rented_households":84,"occupied_dwellings":325,"rented_pct":25.7,"source":"INDEC · Censo 2022"},"geometry":{"type":"Polygon","coordinates":[[[-60.68651977977072,-31.606701539774285],[-60.68744405007834,-31.609871069790692],[-60.690637259977755,-31.609181959831144],[-60.68972433000227,-31.606134150322365],[-60.68651977977072,-31.606701539774285]]]}},{"type":"Feature","id":"820630803","properties":{"radio":"820630803","population":703,"dwellings":316,"households":281,"rented_households":83,"occupied_dwellings":281,"rented_pct":29.5,"source":"INDEC · Censo 2022"},"geometry":{"type":"Polygon","coordinates":[[[-60.682220789570614,-31.60747761007684],[-60.6826531397337,-31.60896334981585],[-60.6847837297886,-31.608505530056483],[-60.68505389990694,-31.609423969672413],[-60.68613244957639,-31.609206240025607],[-60.68586753999237,-31.608287779900564],[-60.686909159920496,-31.608065740348014],[-60.68651977977072,-31.606701539774285],[-60.682220789570614,-31.60747761007684]]]}},{"type":"Feature","id":"820630804","properties":{"radio":"820630804","population":685,"dwellings":305,"households":279,"rented_households":66,"occupied_dwellings":277,"rented_pct":23.7,"source":"INDEC · Censo 2022"},"geometry":{"type":"Polygon","coordinates":[[[-60.67926867042546,-31.61161928963835],[-60.681073090285516,-31.61122189026572],[-60.68008978988394,-31.60787676975713],[-60.67726398015595,-31.60837426966674],[-60.67848239032863,-31.610730649757564],[-60.67926867042546,-31.61161928963835]]]}},{"type":"Feature","id":"820630805","properties":{"radio":"820630805","population":592,"dwellings":287,"households":251,"rented_households":75,"occupied_dwellings":249,"rented_pct":29.9,"source":"INDEC · Censo 2022"},"geometry":{"type":"Polygon","coordinates":[[[-60.683722959575235,-31.61259658029186],[-60.6835768099667,-31.61206526993413],[-60.68465029044303,-31.6118701299107],[-60.68425595967771,-31.610546530292822],[-60.67926867042546,-31.61161928963835],[-60.68057163003267,-31.61327176014972],[-60.683722959575235,-31.61259658029186]]]}},{"type":"Feature","id":"820630806","properties":{"radio":"820630806","population":705,"dwellings":290,"households":270,"rented_households":77,"occupied_dwellings":269,"rented_pct":28.5,"source":"INDEC · Censo 2022"},"geometry":{"type":"Polygon","coordinates":[[[-60.6826531397337,-31.60896334981585],[-60.6832089696208,-31.61075956028036],[-60.68744405007834,-31.609871069790692],[-60.686909159920496,-31.608065740348014],[-60.68586753999237,-31.608287779900564],[-60.68613244957639,-31.609206240025607],[-60.68505389990694,-31.609423969672413],[-60.6847837297886,-31.608505530056483],[-60.6826531397337,-31.60896334981585]]]}},{"type":"Feature","id":"820630807","properties":{"radio":"820630807","population":585,"dwellings":267,"households":254,"rented_households":72,"occupied_dwellings":250,"rented_pct":28.3,"source":"INDEC · Censo 2022"},"geometry":{"type":"Polygon","coordinates":[[[-60.683722959575235,-31.61259658029186],[-60.68798426005928,-31.611680870212865],[-60.68744405007834,-31.609871069790692],[-60.68425595967771,-31.610546530292822],[-60.68465029044303,-31.6118701299107],[-60.6835768099667,-31.61206526993413],[-60.683722959575235,-31.61259658029186]]]}},{"type":"Feature","id":"820630808","properties":{"radio":"820630808","population":610,"dwellings":273,"households":232,"rented_households":53,"occupied_dwellings":224,"rented_pct":22.8,"source":"INDEC · Censo 2022"},"geometry":{"type":"Polygon","coordinates":[[[-60.68744405007834,-31.609871069790692],[-60.68824399983883,-31.6126083699499],[-60.69143710014381,-31.611892190076404],[-60.690637259977755,-31.609181959831144],[-60.68744405007834,-31.609871069790692]]]}},{"type":"Feature","id":"820630809","properties":{"radio":"820630809","population":701,"dwellings":326,"households":289,"rented_households":88,"occupied_dwellings":287,"rented_pct":30.4,"source":"INDEC · Censo 2022"},"geometry":{"type":"Polygon","coordinates":[[[-60.69143710014381,-31.611892190076404],[-60.69468828012513,-31.611198169831916],[-60.69373574971699,-31.60851583986216],[-60.690637259977755,-31.609181959831144],[-60.69143710014381,-31.611892190076404]]]}},{"type":"Feature","id":"820630810","properties":{"radio":"820630810","population":885,"dwellings":385,"households":355,"rented_households":100,"occupied_dwellings":350,"rented_pct":28.2,"source":"INDEC · Censo 2022"},"geometry":{"type":"Polygon","coordinates":[[[-60.69143710014381,-31.611892190076404],[-60.69224252962754,-31.614638460089378],[-60.69614600957434,-31.613787540120097],[-60.69468828012513,-31.611198169831916],[-60.69143710014381,-31.611892190076404]]]}},{"type":"Feature","id":"820630811","properties":{"radio":"820630811","population":773,"dwellings":343,"households":299,"rented_households":80,"occupied_dwellings":296,"rented_pct":26.8,"source":"INDEC · Censo 2022"},"geometry":{"type":"Polygon","coordinates":[[[-60.688751970182544,-31.614328159897408],[-60.68995027965244,-31.614623810356623],[-60.69241051009408,-31.61526432970801],[-60.69143710014381,-31.611892190076404],[-60.68824399983883,-31.6126083699499],[-60.688751970182544,-31.614328159897408]]]}},{"type":"Feature","id":"820630812","properties":{"radio":"820630812","population":943,"dwellings":358,"households":357,"rented_households":113,"occupied_dwellings":345,"rented_pct":31.7,"source":"INDEC · Censo 2022"},"geometry":{"type":"Polygon","coordinates":[[[-60.68798426005928,-31.611680870212865],[-60.685858989827494,-31.61215223968324],[-60.68057163003267,-31.61327176014972],[-60.68166727015043,-31.614668279747075],[-60.68340494967646,-31.61378421004878],[-60.684747030015984,-31.613569589646634],[-60.68631819961759,-31.613696440097296],[-60.688751970182544,-31.614328159897408],[-60.68798426005928,-31.611680870212865]]]}},{"type":"Feature","id":"820630813","properties":{"radio":"820630813","population":629,"dwellings":305,"households":265,"rented_households":91,"occupied_dwellings":265,"rented_pct":34.3,"source":"INDEC · Censo 2022"},"geometry":{"type":"Polygon","coordinates":[[[-60.69241051009408,-31.61526432970801],[-60.697674379842546,-31.616651579951945],[-60.69614600957434,-31.613787540120097],[-60.69224252962754,-31.614638460089378],[-60.69241051009408,-31.61526432970801]]]}},{"type":"Feature","id":"820630814","properties":{"radio":"820630814","population":647,"dwellings":263,"households":252,"rented_households":54,"occupied_dwellings":250,"rented_pct":21.4,"source":"INDEC · Censo 2022"},"geometry":{"type":"Polygon","coordinates":[[[-60.6832089696208,-31.61075956028036],[-60.682220789570614,-31.60747761007684],[-60.68008978988394,-31.60787676975713],[-60.681073090285516,-31.61122189026572],[-60.6832089696208,-31.61075956028036]]]}},{"type":"Feature","id":"820630901","properties":{"radio":"820630901","population":598,"dwellings":233,"households":220,"rented_households":48,"occupied_dwellings":217,"rented_pct":21.8,"source":"INDEC · Censo 2022"},"geometry":{"type":"Polygon","coordinates":[[[-60.69820075037823,-31.601750219785888],[-60.69873598998071,-31.603578039853904],[-60.702160339995984,-31.602837780273894],[-60.70160927028158,-31.601014570007013],[-60.69820075037823,-31.601750219785888]]]}},{"type":"Feature","id":"820630902","properties":{"radio":"820630902","population":706,"dwellings":288,"households":276,"rented_households":75,"occupied_dwellings":274,"rented_pct":27.2,"source":"INDEC · Censo 2022"},"geometry":{"type":"Polygon","coordinates":[[[-60.69873598998071,-31.603578039853904],[-60.69766029964878,-31.59992693007788],[-60.69574051005509,-31.600356759686644],[-60.69679499026485,-31.603998979903707],[-60.69873598998071,-31.603578039853904]]]}},{"type":"Feature","id":"820630903","properties":{"radio":"820630903","population":601,"dwellings":283,"households":246,"rented_households":52,"occupied_dwellings":241,"rented_pct":21.1,"source":"INDEC · Censo 2022"},"geometry":{"type":"Polygon","coordinates":[[[-60.6924497898282,-31.60491093019969],[-60.69679499026485,-31.603998979903707],[-60.69628088981763,-31.60217553988779],[-60.6920306098655,-31.603086960234037],[-60.6924497898282,-31.60491093019969]]]}},{"type":"Feature","id":"820630904","properties":{"radio":"820630904","population":577,"dwellings":263,"households":238,"rented_households":65,"occupied_dwellings":235,"rented_pct":27.3,"source":"INDEC · Censo 2022"},"geometry":{"type":"Polygon","coordinates":[[[-60.69303245957937,-31.606752040122412],[-60.69612028002798,-31.606081410281128],[-60.696369380161315,-31.606986410251455],[-60.697595090044004,-31.606727209971947],[-60.69679499026485,-31.603998979903707],[-60.6924497898282,-31.60491093019969],[-60.69303245957937,-31.606752040122412]]]}},{"type":"Feature","id":"820630905","properties":{"radio":"820630905","population":662,"dwellings":314,"households":272,"rented_households":66,"occupied_dwellings":270,"rented_pct":24.3,"source":"INDEC · Censo 2022"},"geometry":{"type":"Polygon","coordinates":[[[-60.69679499026485,-31.603998979903707],[-60.69783904013581,-31.607645759702386],[-60.69979592026927,-31.607224709903644],[-60.69873598998071,-31.603578039853904],[-60.69679499026485,-31.603998979903707]]]}},{"type":"Feature","id":"820630906","properties":{"radio":"820630906","population":1012,"dwellings":460,"households":385,"rented_households":109,"occupied_dwellings":379,"rented_pct":28.3,"source":"INDEC · Censo 2022"},"geometry":{"type":"Polygon","coordinates":[[[-60.70144238036976,-31.60686395971523],[-60.70260952009593,-31.603719120034206],[-60.70246224040679,-31.603751500115365],[-60.702160339995984,-31.602837780273894],[-60.69873598998071,-31.603578039853904],[-60.69979592026927,-31.607224709903644],[-60.70144238036976,-31.60686395971523]]]}},{"type":"Feature","id":"820630907","properties":{"radio":"820630907","population":531,"dwellings":229,"households":209,"rented_households":44,"occupied_dwellings":207,"rented_pct":21.1,"source":"INDEC · Censo 2022"},"geometry":{"type":"Polygon","coordinates":[[[-60.69373574971699,-31.60851583986216],[-60.69783904013581,-31.607645759702386],[-60.697595090044004,-31.606727209971947],[-60.696369380161315,-31.606986410251455],[-60.69612028002798,-31.606081410281128],[-60.69303245957937,-31.606752040122412],[-60.69373574971699,-31.60851583986216]]]}},{"type":"Feature","id":"820630908","properties":{"radio":"820630908","population":990,"dwellings":412,"households":387,"rented_households":77,"occupied_dwellings":383,"rented_pct":19.9,"source":"INDEC · Censo 2022"},"geometry":{"type":"Polygon","coordinates":[[[-60.70066255017667,-31.608969539800224],[-60.70144238036976,-31.60686395971523],[-60.69373574971699,-31.60851583986216],[-60.69434446971309,-31.610311720050433],[-60.6958685801702,-31.610492809683485],[-60.69570085033362,-31.60990302007628],[-60.69831936033508,-31.609171760265603],[-60.69840048000186,-31.60945088996257],[-60.70066255017667,-31.608969539800224]]]}},{"type":"Feature","id":"820630909","properties":{"radio":"820630909","population":1336,"dwellings":525,"households":506,"rented_households":106,"occupied_dwellings":503,"rented_pct":20.9,"source":"INDEC · Censo 2022"},"geometry":{"type":"Polygon","coordinates":[[[-60.69546826033688,-31.612636879786464],[-60.696858280169856,-31.611082629980434],[-60.697122969666644,-31.611248029708555],[-60.69809629966688,-31.611053330158487],[-60.698146330438306,-31.610696830019236],[-60.69992419969184,-31.610989210037562],[-60.70066255017667,-31.608969539800224],[-60.69840048000186,-31.60945088996257],[-60.69831936033508,-31.609171760265603],[-60.69570085033362,-31.60990302007628],[-60.6958685801702,-31.610492809683485],[-60.69434446971309,-31.610311720050433],[-60.69546826033688,-31.612636879786464]]]}},{"type":"Feature","id":"820630910","properties":{"radio":"820630910","population":1030,"dwellings":439,"households":405,"rented_households":100,"occupied_dwellings":393,"rented_pct":24.7,"source":"INDEC · Censo 2022"},"geometry":{"type":"Polygon","coordinates":[[[-60.697674379842546,-31.616651579951945],[-60.69781631006419,-31.616605710060465],[-60.69992419969184,-31.610989210037562],[-60.698146330438306,-31.610696830019236],[-60.69809629966688,-31.611053330158487],[-60.697122969666644,-31.611248029708555],[-60.696858280169856,-31.611082629980434],[-60.69546826033688,-31.612636879786464],[-60.69761905979072,-31.616300160101336],[-60.697674379842546,-31.616651579951945]]]}},{"type":"Feature","id":"820630911","properties":{"radio":"820630911","population":565,"dwellings":234,"households":214,"rented_households":39,"occupied_dwellings":212,"rented_pct":18.2,"source":"INDEC · Censo 2022"},"geometry":{"type":"Polygon","coordinates":[[[-60.70160927028158,-31.601014570007013],[-60.701063450321676,-31.599186819749434],[-60.69766029964878,-31.59992693007788],[-60.69820075037823,-31.601750219785888],[-60.70160927028158,-31.601014570007013]]]}},{"type":"Feature","id":"820630912","properties":{"radio":"820630912","population":511,"dwellings":220,"households":201,"rented_households":57,"occupied_dwellings":199,"rented_pct":28.4,"source":"INDEC · Censo 2022"},"geometry":{"type":"Polygon","coordinates":[[[-60.69628088981763,-31.60217553988779],[-60.69574051005509,-31.600356759686644],[-60.691784899974024,-31.60120794013172],[-60.6920306098655,-31.603086960234037],[-60.69628088981763,-31.60217553988779]]]}},{"type":"Feature","id":"820631001","properties":{"radio":"820631001","population":885,"dwellings":339,"households":329,"rented_households":65,"occupied_dwellings":326,"rented_pct":19.8,"source":"INDEC · Censo 2022"},"geometry":{"type":"Polygon","coordinates":[[[-60.7241491802481,-31.59163586007726],[-60.72260317964413,-31.59745700987827],[-60.72339481998826,-31.597637409872288],[-60.723672609616834,-31.596770059870437],[-60.724745679563064,-31.596556560212196],[-60.7240280397371,-31.59776910010172],[-60.724582199656076,-31.597896719618316],[-60.72400808006979,-31.599956179842813],[-60.724731080143066,-31.600114420230945],[-60.72822360959346,-31.599377589950706],[-60.72800592983384,-31.598485999950015],[-60.725018099961176,-31.59908018025168],[-60.72578180000502,-31.596334230240547],[-60.724966519595874,-31.596501190288915],[-60.72818543029559,-31.59108534009732],[-60.7279697699487,-31.591127160156407],[-60.727246389888066,-31.59226760023278],[-60.726996609730044,-31.591308560270363],[-60.724292870269366,-31.591824439710933],[-60.72435974984228,-31.591616630134908],[-60.7241491802481,-31.59163586007726]]]}},{"type":"Feature","id":"820631002","properties":{"radio":"820631002","population":454,"dwellings":180,"households":176,"rented_households":44,"occupied_dwellings":174,"rented_pct":25.0,"source":"INDEC · Censo 2022"},"geometry":{"type":"Polygon","coordinates":[[[-60.71969222040698,-31.597085649865562],[-60.719952059899555,-31.597990539856],[-60.71862137019781,-31.598277600014082],[-60.71915181998321,-31.60011889005245],[-60.721776039676605,-31.599504360271762],[-60.72260317964413,-31.59745700987827],[-60.72275837977915,-31.59640548016368],[-60.71969222040698,-31.597085649865562]]]}},{"type":"Feature","id":"820631003","properties":{"radio":"820631003","population":755,"dwellings":287,"households":275,"rented_households":81,"occupied_dwellings":273,"rented_pct":29.5,"source":"INDEC · Censo 2022"},"geometry":{"type":"Polygon","coordinates":[[[-60.71570550975246,-31.597955779728718],[-60.716522010073774,-31.600697320021172],[-60.71915181998321,-31.60011889005245],[-60.71862137019781,-31.598277600014082],[-60.719952059899555,-31.597990539856],[-60.71969222040698,-31.597085649865562],[-60.71570550975246,-31.597955779728718]]]}},{"type":"Feature","id":"820631004","properties":{"radio":"820631004","population":596,"dwellings":223,"households":210,"rented_households":34,"occupied_dwellings":207,"rented_pct":16.2,"source":"INDEC · Censo 2022"},"geometry":{"type":"Polygon","coordinates":[[[-60.716495339991305,-31.595836519861223],[-60.71675521002659,-31.596750439998303],[-60.71544567025991,-31.597046369697505],[-60.71570550975246,-31.597955779728718],[-60.71969222040698,-31.597085649865562],[-60.719140880299676,-31.595267019707517],[-60.716495339991305,-31.595836519861223]]]}},{"type":"Feature","id":"820631005","properties":{"radio":"820631005","population":660,"dwellings":256,"households":242,"rented_households":56,"occupied_dwellings":238,"rented_pct":23.1,"source":"INDEC · Censo 2022"},"geometry":{"type":"Polygon","coordinates":[[[-60.713839469955495,-31.596437589629733],[-60.7151860104304,-31.600984380252772],[-60.716522010073774,-31.600697320021172],[-60.71544567025991,-31.597046369697505],[-60.71675521002659,-31.596750439998303],[-60.716495339991305,-31.595836519861223],[-60.713839469955495,-31.596437589629733]]]}},{"type":"Feature","id":"820631006","properties":{"radio":"820631006","population":662,"dwellings":284,"households":260,"rented_households":57,"occupied_dwellings":259,"rented_pct":21.9,"source":"INDEC · Censo 2022"},"geometry":{"type":"Polygon","coordinates":[[[-60.713839469955495,-31.596437589629733],[-60.71237215997379,-31.596770440147925],[-60.71257193002161,-31.60155813004527],[-60.7151860104304,-31.600984380252772],[-60.713839469955495,-31.596437589629733]]]}},{"type":"Feature","id":"820631007","properties":{"radio":"820631007","population":560,"dwellings":197,"households":192,"rented_households":34,"occupied_dwellings":191,"rented_pct":17.7,"source":"INDEC · Censo 2022"},"geometry":{"type":"Polygon","coordinates":[[[-60.712447850222986,-31.59771695978197],[-60.710459789566016,-31.598160920146952],[-60.710730179771595,-31.599079300355747],[-60.70997280027407,-31.599245840020366],[-60.71055086975268,-31.60113650030954],[-60.712525390103366,-31.60098120963176],[-60.712447850222986,-31.59771695978197]]]}},{"type":"Feature","id":"820631008","properties":{"radio":"820631008","population":1067,"dwellings":352,"households":347,"rented_households":41,"occupied_dwellings":344,"rented_pct":11.8,"source":"INDEC · Censo 2022"},"geometry":{"type":"Polygon","coordinates":[[[-60.70618681996645,-31.598116970049727],[-60.70644130011003,-31.599026430072872],[-60.7051209904414,-31.599299769876925],[-60.705401969987534,-31.60023163017251],[-60.70805811041626,-31.599644259918897],[-60.70832307030593,-31.600544639948087],[-60.71023245022212,-31.600137219990863],[-60.70997280027407,-31.599245840020366],[-60.710730179771595,-31.599079300355747],[-60.71020534984664,-31.59726049029333],[-60.70618681996645,-31.598116970049727]]]}},{"type":"Feature","id":"820631009","properties":{"radio":"820631009","population":803,"dwellings":279,"households":269,"rented_households":24,"occupied_dwellings":265,"rented_pct":8.9,"source":"INDEC · Censo 2022"},"geometry":{"type":"Polygon","coordinates":[[[-60.701895349563586,-31.601928379657352],[-60.703031619583314,-31.601696670075466],[-60.70290706996581,-31.6012464297172],[-60.70339620982453,-31.601135510257212],[-60.70356982003297,-31.60110299001632],[-60.70336825964277,-31.601622669818443],[-60.70442029014675,-31.601400429980952],[-60.704285059560505,-31.600932210363453],[-60.7055105996616,-31.60066390979987],[-60.7051209904414,-31.599299769876925],[-60.70644130011003,-31.599026430072872],[-60.70618681996645,-31.598116970049727],[-60.701063450321676,-31.599186819749434],[-60.701895349563586,-31.601928379657352]]]}},{"type":"Feature","id":"820631010","properties":{"radio":"820631010","population":899,"dwellings":334,"households":316,"rented_households":62,"occupied_dwellings":313,"rented_pct":19.6,"source":"INDEC · Censo 2022"},"geometry":{"type":"Polygon","coordinates":[[[-60.70246224040679,-31.603751500115365],[-60.70752771991969,-31.602659359713773],[-60.70671688976445,-31.59994027988932],[-60.705401969987534,-31.60023163017251],[-60.7055105996616,-31.60066390979987],[-60.704285059560505,-31.600932210363453],[-60.70442029014675,-31.601400429980952],[-60.70336825964277,-31.601622669818443],[-60.70356982003297,-31.60110299001632],[-60.70339620982453,-31.601135510257212],[-60.70290706996581,-31.6012464297172],[-60.703031619583314,-31.601696670075466],[-60.701895349563586,-31.601928379657352],[-60.70246224040679,-31.603751500115365]]]}},{"type":"Feature","id":"820631011","properties":{"radio":"820631011","population":1044,"dwellings":378,"households":371,"rented_households":68,"occupied_dwellings":368,"rented_pct":18.3,"source":"INDEC · Censo 2022"},"geometry":{"type":"Polygon","coordinates":[[[-60.70752771991969,-31.602659359713773],[-60.71257193002161,-31.60155813004527],[-60.712525390103366,-31.60098120963176],[-60.71055086975268,-31.60113650030954],[-60.71023245022212,-31.600137219990863],[-60.70832307030593,-31.600544639948087],[-60.70805811041626,-31.599644259918897],[-60.70671688976445,-31.59994027988932],[-60.70752771991969,-31.602659359713773]]]}},{"type":"Feature","id":"820631012","properties":{"radio":"820631012","population":594,"dwellings":189,"households":189,"rented_households":41,"occupied_dwellings":186,"rented_pct":21.7,"source":"INDEC · Censo 2022"},"geometry":{"type":"Polygon","coordinates":[[[-60.722631809850554,-31.60252971997725],[-60.72341695986676,-31.599819749721995],[-60.72400808006979,-31.599956179842813],[-60.724582199656076,-31.597896719618316],[-60.7240280397371,-31.59776910010172],[-60.724745679563064,-31.596556560212196],[-60.723672609616834,-31.596770059870437],[-60.72339481998826,-31.597637409872288],[-60.72260317964413,-31.59745700987827],[-60.72219040017781,-31.598582140236353],[-60.72205845023899,-31.598551319990626],[-60.72079942992726,-31.60267084000064],[-60.72119040009512,-31.602812929952226],[-60.722631809850554,-31.60252971997725]]]}},{"type":"Feature","id":"820631013","properties":{"radio":"820631013","population":799,"dwellings":290,"households":291,"rented_households":50,"occupied_dwellings":285,"rented_pct":17.2,"source":"INDEC · Censo 2022"},"geometry":{"type":"Polygon","coordinates":[[[-60.722631809850554,-31.60252971997725],[-60.7287382696911,-31.60119638009311],[-60.72822360959346,-31.599377589950706],[-60.724731080143066,-31.600114420230945],[-60.72341695986676,-31.599819749721995],[-60.722631809850554,-31.60252971997725]]]}},{"type":"Feature","id":"820631014","properties":{"radio":"820631014","population":546,"dwellings":217,"households":207,"rented_households":40,"occupied_dwellings":205,"rented_pct":19.3,"source":"INDEC · Censo 2022"},"geometry":{"type":"Polygon","coordinates":[[[-60.72275837977915,-31.59640548016368],[-60.72338005976983,-31.594363789683555],[-60.719140880299676,-31.595267019707517],[-60.71969222040698,-31.597085649865562],[-60.72275837977915,-31.59640548016368]]]}},{"type":"Feature","id":"820631015","properties":{"radio":"820631015","population":722,"dwellings":211,"households":214,"rented_households":11,"occupied_dwellings":208,"rented_pct":5.1,"source":"INDEC · Censo 2022"},"geometry":{"type":"Polygon","coordinates":[[[-60.712447850222986,-31.59771695978197],[-60.712106650315135,-31.595802439916973],[-60.70727761007998,-31.59675365973269],[-60.707538690145924,-31.59783894030993],[-60.71020534984664,-31.59726049029333],[-60.710459789566016,-31.598160920146952],[-60.712447850222986,-31.59771695978197]]]}},{"type":"Feature","id":"820631016","properties":{"radio":"820631016","population":803,"dwellings":247,"households":249,"rented_households":27,"occupied_dwellings":246,"rented_pct":10.8,"source":"INDEC · Censo 2022"},"geometry":{"type":"Polygon","coordinates":[[[-60.7287382696911,-31.60119638009311],[-60.73389825017527,-31.60012070032244],[-60.734164100295395,-31.599086559879368],[-60.73323838010691,-31.599281269915895],[-60.73300988013967,-31.59835818995762],[-60.72822360959346,-31.599377589950706],[-60.7287382696911,-31.60119638009311]]]}},{"type":"Feature","id":"820631101","properties":{"radio":"820631101","population":807,"dwellings":263,"households":249,"rented_households":24,"occupied_dwellings":246,"rented_pct":9.6,"source":"INDEC · Censo 2022"},"geometry":{"type":"Polygon","coordinates":[[[-60.73388309020653,-31.577353710189197],[-60.73275188039681,-31.580877400048674],[-60.732490449987864,-31.58179877983659],[-60.7337676899302,-31.58144874981559],[-60.734513180224916,-31.580461459929477],[-60.733821069621,-31.5801948796889],[-60.7348733902808,-31.578705290027145],[-60.73552419005974,-31.578408450296187],[-60.73517249962601,-31.57722004033727],[-60.73388309020653,-31.577353710189197]]]}},{"type":"Feature","id":"820631102","properties":{"radio":"820631102","population":989,"dwellings":311,"households":307,"rented_households":30,"occupied_dwellings":304,"rented_pct":9.8,"source":"INDEC · Censo 2022"},"geometry":{"type":"Polygon","coordinates":[[[-60.73421656999283,-31.576219970059324],[-60.72787312020727,-31.577338469897978],[-60.726979489637365,-31.580283579654914],[-60.72725356024067,-31.58030456978681],[-60.726478619577655,-31.58293786019906],[-60.732490449987864,-31.58179877983659],[-60.73421656999283,-31.576219970059324]]]}},{"type":"Feature","id":"820631103","properties":{"radio":"820631103","population":1305,"dwellings":418,"households":409,"rented_households":45,"occupied_dwellings":398,"rented_pct":11.0,"source":"INDEC · Censo 2022"},"geometry":{"type":"Polygon","coordinates":[[[-60.730648939588036,-31.586792019718015],[-60.7337676899302,-31.58144874981559],[-60.72884116002881,-31.582608759787107],[-60.72629980992036,-31.58297495002195],[-60.72584588042751,-31.584893949986785],[-60.72852394963063,-31.5844909199055],[-60.72890927029365,-31.585945200235628],[-60.72963515036573,-31.585810290014155],[-60.729928209557485,-31.58691338017838],[-60.730648939588036,-31.586792019718015]]]}},{"type":"Feature","id":"820631104","properties":{"radio":"820631104","population":700,"dwellings":285,"households":249,"rented_households":45,"occupied_dwellings":243,"rented_pct":18.1,"source":"INDEC · Censo 2022"},"geometry":{"type":"Polygon","coordinates":[[[-60.72584588042751,-31.584893949986785],[-60.72494417040994,-31.588853669851236],[-60.72512301959311,-31.58882109022713],[-60.72536776020238,-31.58777356001733],[-60.729928209557485,-31.58691338017838],[-60.72963515036573,-31.585810290014155],[-60.72890927029365,-31.585945200235628],[-60.72852394963063,-31.5844909199055],[-60.72584588042751,-31.584893949986785]]]}},{"type":"Feature","id":"820631105","properties":{"radio":"820631105","population":1265,"dwellings":429,"households":407,"rented_households":63,"occupied_dwellings":405,"rented_pct":15.5,"source":"INDEC · Censo 2022"},"geometry":{"type":"Polygon","coordinates":[[[-60.72591829991077,-31.591517600192304],[-60.725419549875134,-31.58969870981903],[-60.73185242964216,-31.58845355017108],[-60.73160834031149,-31.587553099946604],[-60.73264982010243,-31.587357750155782],[-60.73230110039734,-31.585876209704605],[-60.73126468979954,-31.586044480210656],[-60.73121505967672,-31.585760679759332],[-60.730648939588036,-31.586792019718015],[-60.72536776020238,-31.58777356001733],[-60.7241491802481,-31.59163586007726],[-60.72435974984228,-31.591616630134908],[-60.724292870269366,-31.591824439710933],[-60.72591829991077,-31.591517600192304]]]}},{"type":"Feature","id":"820631106","properties":{"radio":"820631106","population":889,"dwellings":279,"households":271,"rented_households":32,"occupied_dwellings":266,"rented_pct":11.8,"source":"INDEC · Censo 2022"},"geometry":{"type":"Polygon","coordinates":[[[-60.7324554399463,-31.584058109902507],[-60.736083550325915,-31.583230110032925],[-60.736382850113955,-31.584450380187143],[-60.73799231040456,-31.584143490365562],[-60.73768782015078,-31.582936769704336],[-60.73883971007668,-31.58272268965244],[-60.73902427973159,-31.582081319715314],[-60.73753562038883,-31.582337930053193],[-60.73737266958956,-31.581712080196557],[-60.73343306030033,-31.582438190347588],[-60.7324554399463,-31.584058109902507]]]}},{"type":"Feature","id":"820631107","properties":{"radio":"820631107","population":928,"dwellings":263,"households":270,"rented_households":17,"occupied_dwellings":261,"rented_pct":6.3,"source":"INDEC · Censo 2022"},"geometry":{"type":"Polygon","coordinates":[[[-60.74973732999351,-31.578019230321278],[-60.751176779625,-31.58280407973998],[-60.75692576028811,-31.58176911035996],[-60.757344320413296,-31.58011625994176],[-60.75779476983273,-31.57980244991468],[-60.75906383959755,-31.579758850075773],[-60.759359559599176,-31.579851780185965],[-60.76086588970189,-31.58243112007728],[-60.76127263967601,-31.582572989896253],[-60.76181678966779,-31.58341747997479],[-60.7627434800368,-31.584016180300775],[-60.76412181009299,-31.58380053013483],[-60.765065870286314,-31.583298859936647],[-60.76579564006358,-31.581071450212825],[-60.76550134029839,-31.57986474028313],[-60.764715629733445,-31.578467079654164],[-60.763935650420024,-31.57776831035769],[-60.76264647995241,-31.57727998983012],[-60.75873358027153,-31.577352879832937],[-60.75731412983322,-31.57638279978589],[-60.74973732999351,-31.578019230321278]]]}},{"type":"Feature","id":"820631108","properties":{"radio":"820631108","population":768,"dwellings":232,"households":232,"rented_households":22,"occupied_dwellings":229,"rented_pct":9.5,"source":"INDEC · Censo 2022"},"geometry":{"type":"Polygon","coordinates":[[[-60.736382850113955,-31.584450380187143],[-60.736545729946336,-31.585067210113877],[-60.73495206024181,-31.585373989759923],[-60.735120119760104,-31.58598177003261],[-60.73349457962594,-31.586257159909064],[-60.73374932028094,-31.587171069951673],[-60.7369213497026,-31.586611709679783],[-60.73669814979554,-31.58569311013653],[-60.738060559908256,-31.585450770029073],[-60.73883971007668,-31.58272268965244],[-60.73768782015078,-31.582936769704336],[-60.73799231040456,-31.584143490365562],[-60.736382850113955,-31.584450380187143]]]}},{"type":"Feature","id":"820631109","properties":{"radio":"820631109","population":1141,"dwellings":362,"households":356,"rented_households":42,"occupied_dwellings":352,"rented_pct":11.8,"source":"INDEC · Censo 2022"},"geometry":{"type":"Polygon","coordinates":[[[-60.72687452958125,-31.593225670027948],[-60.73068308994188,-31.592518550024252],[-60.73055834000006,-31.59205932029159],[-60.73645507017123,-31.59095226995697],[-60.73690665955276,-31.589430060102373],[-60.72818543029559,-31.59108534009732],[-60.72687452958125,-31.593225670027948]]]}},{"type":"Feature","id":"820631110","properties":{"radio":"820631110","population":1336,"dwellings":409,"households":401,"rented_households":39,"occupied_dwellings":392,"rented_pct":9.7,"source":"INDEC · Censo 2022"},"geometry":{"type":"Polygon","coordinates":[[[-60.729588940129176,-31.592723199694348],[-60.730110679849574,-31.594776430347196],[-60.729921320377585,-31.594813589678488],[-60.729690100311636,-31.59556343999354],[-60.73546020036709,-31.594403050323354],[-60.73645507017123,-31.59095226995697],[-60.73055834000006,-31.59205932029159],[-60.73068308994188,-31.592518550024252],[-60.729588940129176,-31.592723199694348]]]}},{"type":"Feature","id":"820631111","properties":{"radio":"820631111","population":770,"dwellings":281,"households":259,"rented_households":42,"occupied_dwellings":257,"rented_pct":16.2,"source":"INDEC · Censo 2022"},"geometry":{"type":"Polygon","coordinates":[[[-60.729406939655995,-31.59911380986734],[-60.72873581998534,-31.596822450157642],[-60.7290958000725,-31.595693090192178],[-60.72578180000502,-31.596334230240547],[-60.725018099961176,-31.59908018025168],[-60.72800592983384,-31.598485999950015],[-60.72822360959346,-31.599377589950706],[-60.729406939655995,-31.59911380986734]]]}},{"type":"Feature","id":"820631112","properties":{"radio":"820631112","population":1055,"dwellings":349,"households":330,"rented_households":31,"occupied_dwellings":327,"rented_pct":9.4,"source":"INDEC · Censo 2022"},"geometry":{"type":"Polygon","coordinates":[[[-60.743132050048715,-31.581976329684863],[-60.743803340399296,-31.58425859989858],[-60.74834210981334,-31.583366330281677],[-60.74760696990731,-31.581016820290948],[-60.743132050048715,-31.581976329684863]]]}},{"type":"Feature","id":"820631113","properties":{"radio":"820631113","population":1282,"dwellings":374,"households":370,"rented_households":21,"occupied_dwellings":360,"rented_pct":5.7,"source":"INDEC · Censo 2022"},"geometry":{"type":"Polygon","coordinates":[[[-60.73794275035032,-31.585875319735926],[-60.73673224984372,-31.59002628004106],[-60.745869910218836,-31.587777279750455],[-60.75882486976565,-31.58536972967179],[-60.75746779025583,-31.583659770271655],[-60.75708699979678,-31.5828188102393],[-60.75692576028811,-31.58176911035996],[-60.75227600042746,-31.582594699624345],[-60.741557509968175,-31.584691010277716],[-60.74168219972288,-31.585136700181224],[-60.73794275035032,-31.585875319735926]]]}},{"type":"Feature","id":"820631114","properties":{"radio":"820631114","population":919,"dwellings":243,"households":256,"rented_households":18,"occupied_dwellings":241,"rented_pct":7.0,"source":"INDEC · Censo 2022"},"geometry":{"type":"Polygon","coordinates":[[[-60.747832059869744,-31.571604740047533],[-60.743785830437766,-31.57409489979949],[-60.74445112992372,-31.57629153000989],[-60.746754200106416,-31.57580011981032],[-60.74651541981907,-31.57491771002773],[-60.747832059869744,-31.571604740047533]]]}},{"type":"Feature","id":"820631115","properties":{"radio":"820631115","population":901,"dwellings":273,"households":273,"rented_households":13,"occupied_dwellings":267,"rented_pct":4.8,"source":"INDEC · Censo 2022"},"geometry":{"type":"Polygon","coordinates":[[[-60.73847344986736,-31.58036197962537],[-60.747527939721884,-31.57837486983842],[-60.74701924982763,-31.576673359704024],[-60.744716159882,-31.57716477984112],[-60.74496542979692,-31.578042630126436],[-60.73821379991931,-31.57949769983795],[-60.73847344986736,-31.58036197962537]]]}},{"type":"Feature","id":"820631116","properties":{"radio":"820631116","population":703,"dwellings":228,"households":220,"rented_households":12,"occupied_dwellings":219,"rented_pct":5.5,"source":"INDEC · Censo 2022"},"geometry":{"type":"Polygon","coordinates":[[[-60.736083550325915,-31.583230110032925],[-60.732297499949674,-31.584068029841127],[-60.73121505967672,-31.585760679759332],[-60.73126468979954,-31.586044480210656],[-60.73230110039734,-31.585876209704605],[-60.73264982010243,-31.587357750155782],[-60.73374932028094,-31.587171069951673],[-60.73349457962594,-31.586257159909064],[-60.735120119760104,-31.58598177003261],[-60.73495206024181,-31.585373989759923],[-60.736545729946336,-31.585067210113877],[-60.736083550325915,-31.583230110032925]]]}},{"type":"Feature","id":"820631117","properties":{"radio":"820631117","population":1086,"dwellings":374,"households":358,"rented_households":37,"occupied_dwellings":352,"rented_pct":10.3,"source":"INDEC · Censo 2022"},"geometry":{"type":"Polygon","coordinates":[[[-60.725419549875134,-31.58969870981903],[-60.72591829991077,-31.591517600192304],[-60.726996609730044,-31.591308560270363],[-60.727246389888066,-31.59226760023278],[-60.7279697699487,-31.591127160156407],[-60.73448175985123,-31.589885919835464],[-60.73374932028094,-31.587171069951673],[-60.73160834031149,-31.587553099946604],[-60.73185242964216,-31.58845355017108],[-60.725419549875134,-31.58969870981903]]]}},{"type":"Feature","id":"820631118","properties":{"radio":"820631118","population":1118,"dwellings":380,"households":378,"rented_households":16,"occupied_dwellings":374,"rented_pct":4.2,"source":"INDEC · Censo 2022"},"geometry":{"type":"Polygon","coordinates":[[[-60.73673224984372,-31.59002628004106],[-60.73523477982465,-31.595215999709712],[-60.73674448040631,-31.59492774029074],[-60.73703654965464,-31.595891020200572],[-60.73701784044221,-31.596860610247678],[-60.737522339695666,-31.598706480057178],[-60.74268763012147,-31.597666489730386],[-60.74527217033048,-31.598052759915852],[-60.75155963980246,-31.598345100064584],[-60.753479469820334,-31.599267200027032],[-60.753999570115326,-31.599737600195315],[-60.757619409706116,-31.59653718973329],[-60.758688250383976,-31.597112530109683],[-60.7589045700943,-31.597801160128864],[-60.757728820016155,-31.60094203975248],[-60.757765689570356,-31.6015911397952],[-60.75803645976328,-31.60184656022035],[-60.758825130277096,-31.60164798028632],[-60.76041600981433,-31.599677020152306],[-60.76104972004332,-31.599213309938158],[-60.76191065014026,-31.598833910067675],[-60.76481304034792,-31.598131170185248],[-60.76604907007659,-31.597239960005552],[-60.766070580236054,-31.596649120072676],[-60.76565639041475,-31.59625029024889],[-60.76425990001677,-31.596200029818977],[-60.76392105998318,-31.595994630286327],[-60.7638447301335,-31.595679449778267],[-60.76479277974501,-31.594361589832356],[-60.76605351044902,-31.593276339900754],[-60.76676488991578,-31.592013999929982],[-60.766500670237896,-31.590626749890802],[-60.765757449985884,-31.589927770275807],[-60.76503928015391,-31.58971563000699],[-60.76457731972243,-31.589912290236907],[-60.763255270017105,-31.591227870109094],[-60.76197599988223,-31.591330199861343],[-60.760775469776966,-31.590751150068595],[-60.7600353199666,-31.58977705978263],[-60.75967898973445,-31.586762520181242],[-60.75882486976565,-31.58536972967179],[-60.745869910218836,-31.587777279750455],[-60.73673224984372,-31.59002628004106]]]}},{"type":"Feature","id":"820631119","properties":{"radio":"820631119","population":1059,"dwellings":346,"households":326,"rented_households":40,"occupied_dwellings":318,"rented_pct":12.3,"source":"INDEC · Censo 2022"},"geometry":{"type":"Polygon","coordinates":[[[-60.746376450444615,-31.578629610051667],[-60.742412779780516,-31.57961767008818],[-60.743132050048715,-31.581976329684863],[-60.74704432001058,-31.581137350297137],[-60.746376450444615,-31.578629610051667]]]}},{"type":"Feature","id":"820631120","properties":{"radio":"820631120","population":718,"dwellings":221,"households":221,"rented_households":12,"occupied_dwellings":214,"rented_pct":5.4,"source":"INDEC · Censo 2022"},"geometry":{"type":"Polygon","coordinates":[[[-60.7337676899302,-31.58144874981559],[-60.73847344986736,-31.58036197962537],[-60.737775340313966,-31.577998659824427],[-60.735789960229816,-31.57938541981907],[-60.73552419005974,-31.578408450296187],[-60.73509304004587,-31.578505619961255],[-60.733821069621,-31.5801948796889],[-60.734513180224916,-31.580461459929477],[-60.7337676899302,-31.58144874981559]]]}},{"type":"Feature","id":"820631121","properties":{"radio":"820631121","population":689,"dwellings":239,"households":228,"rented_households":27,"occupied_dwellings":225,"rented_pct":11.8,"source":"INDEC · Censo 2022"},"geometry":{"type":"Polygon","coordinates":[[[-60.73902427973159,-31.582081319715314],[-60.73959864994784,-31.580107459956416],[-60.73395680955201,-31.581384539672513],[-60.7337676899302,-31.58144874981559],[-60.732297499949674,-31.584068029841127],[-60.7324554399463,-31.584058109902507],[-60.73343306030033,-31.582438190347588],[-60.73737266958956,-31.581712080196557],[-60.73753562038883,-31.582337930053193],[-60.73902427973159,-31.582081319715314]]]}},{"type":"Feature","id":"820631122","properties":{"radio":"820631122","population":999,"dwellings":309,"households":293,"rented_households":26,"occupied_dwellings":288,"rented_pct":8.9,"source":"INDEC · Censo 2022"},"geometry":{"type":"Polygon","coordinates":[[[-60.74704432001058,-31.581137350297137],[-60.750446380128736,-31.580395939711572],[-60.74973732999351,-31.578019230321278],[-60.746376450444615,-31.578629610051667],[-60.74704432001058,-31.581137350297137]]]}},{"type":"Feature","id":"820631123","properties":{"radio":"820631123","population":665,"dwellings":241,"households":234,"rented_households":19,"occupied_dwellings":228,"rented_pct":8.1,"source":"INDEC · Censo 2022"},"geometry":{"type":"Polygon","coordinates":[[[-60.751176779625,-31.58280407973998],[-60.750446380128736,-31.580395939711572],[-60.74760696990731,-31.581016820290948],[-60.74834210981334,-31.583366330281677],[-60.751176779625,-31.58280407973998]]]}},{"type":"Feature","id":"820631124","properties":{"radio":"820631124","population":764,"dwellings":238,"households":221,"rented_households":17,"occupied_dwellings":218,"rented_pct":7.7,"source":"INDEC · Censo 2022"},"geometry":{"type":"Polygon","coordinates":[[[-60.73690665955276,-31.589430060102373],[-60.73722505033722,-31.588386590081466],[-60.738060559908256,-31.585450770029073],[-60.73669814979554,-31.58569311013653],[-60.7369213497026,-31.586611709679783],[-60.73374932028094,-31.587171069951673],[-60.73448175985123,-31.589885919835464],[-60.73690665955276,-31.589430060102373]]]}},{"type":"Feature","id":"820631125","properties":{"radio":"820631125","population":758,"dwellings":260,"households":251,"rented_households":31,"occupied_dwellings":247,"rented_pct":12.4,"source":"INDEC · Censo 2022"},"geometry":{"type":"Polygon","coordinates":[[[-60.724966519595874,-31.596501190288915],[-60.729690100311636,-31.59556343999354],[-60.729921320377585,-31.594813589678488],[-60.730110679849574,-31.594776430347196],[-60.729588940129176,-31.592723199694348],[-60.72687452958125,-31.593225670027948],[-60.724966519595874,-31.596501190288915]]]}},{"type":"Feature","id":"820631126","properties":{"radio":"820631126","population":574,"dwellings":199,"households":194,"rented_households":12,"occupied_dwellings":192,"rented_pct":6.2,"source":"INDEC · Censo 2022"},"geometry":{"type":"Polygon","coordinates":[[[-60.731805530397814,-31.598626630296284],[-60.73110673992144,-31.596173100341872],[-60.728797490227905,-31.59662368964848],[-60.729406939655995,-31.59911380986734],[-60.731805530397814,-31.598626630296284]]]}},{"type":"Feature","id":"820631127","properties":{"radio":"820631127","population":1594,"dwellings":474,"households":477,"rented_households":37,"occupied_dwellings":464,"rented_pct":7.8,"source":"INDEC · Censo 2022"},"geometry":{"type":"Polygon","coordinates":[[[-60.73794275035032,-31.585875319735926],[-60.74168219972288,-31.585136700181224],[-60.741557509968175,-31.584691010277716],[-60.743803340399296,-31.58425859989858],[-60.742412779780516,-31.57961767008818],[-60.74297442985234,-31.579370909945514],[-60.73959864994784,-31.580107459956416],[-60.73794275035032,-31.585875319735926]]]}},{"type":"Feature","id":"820631128","properties":{"radio":"820631128","population":748,"dwellings":232,"households":226,"rented_households":13,"occupied_dwellings":223,"rented_pct":5.8,"source":"INDEC · Censo 2022"},"geometry":{"type":"Polygon","coordinates":[[[-60.735789960229816,-31.57938541981907],[-60.738435639777045,-31.577570980113514],[-60.74445112992372,-31.57629153000989],[-60.743785830437766,-31.57409489979949],[-60.739744360280184,-31.576548839711553],[-60.73969564015075,-31.57638228013815],[-60.73521583974521,-31.577373099962514],[-60.735789960229816,-31.57938541981907]]]}},{"type":"Feature","id":"820631129","properties":{"radio":"820631129","population":1032,"dwellings":305,"households":305,"rented_households":22,"occupied_dwellings":300,"rented_pct":7.2,"source":"INDEC · Censo 2022"},"geometry":{"type":"Polygon","coordinates":[[[-60.73821379991931,-31.57949769983795],[-60.74496542979692,-31.578042630126436],[-60.744716159882,-31.57716477984112],[-60.74701924982763,-31.576673359704024],[-60.746754200106416,-31.57580011981032],[-60.738435639777045,-31.577570980113514],[-60.737775340313966,-31.577998659824427],[-60.73821379991931,-31.57949769983795]]]}},{"type":"Feature","id":"820631130","properties":{"radio":"820631130","population":1150,"dwellings":330,"households":327,"rented_households":6,"occupied_dwellings":318,"rented_pct":1.8,"source":"INDEC · Censo 2022"},"geometry":{"type":"Polygon","coordinates":[[[-60.73546020036709,-31.594403050323354],[-60.7290958000725,-31.595693090192178],[-60.728797490227905,-31.59662368964848],[-60.73110673992144,-31.596173100341872],[-60.731805530397814,-31.598626630296284],[-60.73300988013967,-31.59835818995762],[-60.73323838010691,-31.599281269915895],[-60.734164100295395,-31.599086559879368],[-60.7340771200197,-31.599416240203574],[-60.737522339695666,-31.598706480057178],[-60.73701784044221,-31.596860610247678],[-60.73703654965464,-31.595891020200572],[-60.73674448040631,-31.59492774029074],[-60.73523477982465,-31.595215999709712],[-60.73546020036709,-31.594403050323354]]]}},{"type":"Feature","id":"820631201","properties":{"radio":"820631201","population":548,"dwellings":212,"households":193,"rented_households":38,"occupied_dwellings":190,"rented_pct":19.7,"source":"INDEC · Censo 2022"},"geometry":{"type":"Polygon","coordinates":[[[-60.7168794299624,-31.601962409923747],[-60.7173066498469,-31.603398450122263],[-60.71863737997281,-31.603106890164522],[-60.71837234013306,-31.602211049769487],[-60.72111270031461,-31.601618430366056],[-60.721776039676605,-31.599504360271762],[-60.71915181998321,-31.60011889005245],[-60.71942206017011,-31.601005690128478],[-60.71810719968202,-31.601301669811487],[-60.71821540984282,-31.601670820221372],[-60.7168794299624,-31.601962409923747]]]}},{"type":"Feature","id":"820631202","properties":{"radio":"820631202","population":701,"dwellings":258,"households":253,"rented_households":59,"occupied_dwellings":248,"rented_pct":23.3,"source":"INDEC · Censo 2022"},"geometry":{"type":"Polygon","coordinates":[[[-60.71915181998321,-31.60011889005245],[-60.71257193002161,-31.60155813004527],[-60.712902180364445,-31.603414090119383],[-60.71704689030439,-31.60250256968652],[-60.7168794299624,-31.601962409923747],[-60.71821540984282,-31.601670820221372],[-60.71810719968202,-31.601301669811487],[-60.71942206017011,-31.601005690128478],[-60.71915181998321,-31.60011889005245]]]}},{"type":"Feature","id":"820631203","properties":{"radio":"820631203","population":489,"dwellings":177,"households":174,"rented_households":28,"occupied_dwellings":171,"rented_pct":16.1,"source":"INDEC · Censo 2022"},"geometry":{"type":"Polygon","coordinates":[[[-60.71265819972991,-31.602509099804237],[-60.712922120268814,-31.605339420109626],[-60.71561522996473,-31.604751690351048],[-60.715344839759155,-31.603842339793918],[-60.715970749916536,-31.60370354971139],[-60.71571624012854,-31.60280313978055],[-60.712902180364445,-31.603414090119383],[-60.712816010369146,-31.602476649667032],[-60.71265819972991,-31.602509099804237]]]}},{"type":"Feature","id":"820631204","properties":{"radio":"820631204","population":944,"dwellings":325,"households":314,"rented_households":63,"occupied_dwellings":307,"rented_pct":20.1,"source":"INDEC · Censo 2022"},"geometry":{"type":"Polygon","coordinates":[[[-60.71308523995136,-31.605311449711877],[-60.7131418598654,-31.606519610375283],[-60.71653391005633,-31.60637888024826],[-60.716183259871706,-31.604622250153337],[-60.71308523995136,-31.605311449711877]]]}},{"type":"Feature","id":"820631205","properties":{"radio":"820631205","population":694,"dwellings":220,"households":217,"rented_households":13,"occupied_dwellings":212,"rented_pct":6.0,"source":"INDEC · Censo 2022"},"geometry":{"type":"Polygon","coordinates":[[[-60.713200730059235,-31.61009509030704],[-60.71318280956763,-31.609125709962882],[-60.716023240275206,-31.60849655985139],[-60.71779920959192,-31.608540710083222],[-60.71869339981224,-31.606970979716294],[-60.71300702004632,-31.608184259996307],[-60.71304294996273,-31.610132049972094],[-60.713200730059235,-31.61009509030704]]]}},{"type":"Feature","id":"820631206","properties":{"radio":"820631206","population":779,"dwellings":267,"households":264,"rented_households":28,"occupied_dwellings":263,"rented_pct":10.6,"source":"INDEC · Censo 2022"},"geometry":{"type":"Polygon","coordinates":[[[-60.74527217033048,-31.598052759915852],[-60.74268763012147,-31.597666489730386],[-60.7340771200197,-31.599416240203574],[-60.73389825017527,-31.60012070032244],[-60.721516660121466,-31.60276149022432],[-60.72079942992726,-31.60267084000064],[-60.72069507982723,-31.603487600059925],[-60.72052143009292,-31.60351563986366],[-60.720128799838434,-31.604527920165967],[-60.71779920959192,-31.608540710083222],[-60.71949518033931,-31.6084590196293],[-60.71963867991773,-31.607935140344992],[-60.72404437021065,-31.60736914010667],[-60.72190505032783,-31.610763159750746],[-60.72079141964988,-31.610521440278095],[-60.72014611037395,-31.612252109861497],[-60.72072545007036,-31.612217280085893],[-60.72092779019822,-31.61249120006815],[-60.72072075996626,-31.613660249914506],[-60.72107338015631,-31.61428955025923],[-60.72173875959231,-31.616526870127604],[-60.72190705985912,-31.616485339928175],[-60.722114910252905,-31.6174716796443],[-60.72219747980056,-31.619292929862507],[-60.72186643983859,-31.620097450173013],[-60.722496040275146,-31.625879200342077],[-60.72280751043866,-31.62594958014015],[-60.72251341998095,-31.626082009761824],[-60.72636907002876,-31.627868330264388],[-60.72770481994049,-31.628180879972284],[-60.72906478034743,-31.628218210309708],[-60.731585000283765,-31.627689749628523],[-60.73935178033135,-31.624871860270517],[-60.73911777997961,-31.62460266031368],[-60.73707912979911,-31.62403276011806],[-60.735618820388396,-31.62529924020212],[-60.733934470247526,-31.622869459745115],[-60.73350009977335,-31.619895879941637],[-60.73454662989284,-31.618284589815943],[-60.73435617986607,-31.616847250028027],[-60.73480570042751,-31.615040980292775],[-60.736825270391385,-31.613216640378425],[-60.73686256035715,-31.612598660369848],[-60.741269849651275,-31.61089122965817],[-60.74637759040672,-31.609824360370606],[-60.75123363040607,-31.6095794497712],[-60.76367234971867,-31.60489729037073],[-60.76739429002802,-31.6019575300954],[-60.76738391987638,-31.601335320048022],[-60.76809092005613,-31.600176719974442],[-60.767700319994184,-31.59944407005898],[-60.76622012996792,-31.598185869647146],[-60.76604907007659,-31.597239960005552],[-60.76481304034792,-31.598131170185248],[-60.76191065014026,-31.598833910067675],[-60.76104972004332,-31.599213309938158],[-60.76041600981433,-31.599677020152306],[-60.758825130277096,-31.60164798028632],[-60.75803645976328,-31.60184656022035],[-60.757765689570356,-31.6015911397952],[-60.757728820016155,-31.60094203975248],[-60.7589045700943,-31.597801160128864],[-60.758688250383976,-31.597112530109683],[-60.757619409706116,-31.59653718973329],[-60.753999570115326,-31.599737600195315],[-60.753479469820334,-31.599267200027032],[-60.75155963980246,-31.598345100064584],[-60.74527217033048,-31.598052759915852]]]}},{"type":"Feature","id":"820631207","properties":{"radio":"820631207","population":415,"dwellings":138,"households":136,"rented_households":21,"occupied_dwellings":135,"rented_pct":15.4,"source":"INDEC · Censo 2022"},"geometry":{"type":"Polygon","coordinates":[[[-60.71777305963399,-31.614060139675125],[-60.71828128959081,-31.612997609900575],[-60.71842972002185,-31.612428620152244],[-60.71822436963947,-31.61244780984167],[-60.71862398968518,-31.610966539929585],[-60.71711954963785,-31.61129514999858],[-60.71696808020621,-31.61078194967246],[-60.717160329558475,-31.61042914972672],[-60.71693325970916,-31.610362789920906],[-60.715032199989146,-31.613949250014553],[-60.71522665021385,-31.61457043023005],[-60.71777305963399,-31.614060139675125]]]}},{"type":"Feature","id":"820631208","properties":{"radio":"820631208","population":719,"dwellings":237,"households":237,"rented_households":38,"occupied_dwellings":234,"rented_pct":16.0,"source":"INDEC · Censo 2022"},"geometry":{"type":"Polygon","coordinates":[[[-60.71693325970916,-31.610362789920906],[-60.717973070430304,-31.608539730055252],[-60.716023240275206,-31.60849655985139],[-60.71318280956763,-31.609125709962882],[-60.713200730059235,-31.61009509030704],[-60.71495745027603,-31.609683949670117],[-60.71523321959353,-31.610606800311814],[-60.71693325970916,-31.610362789920906]]]}},{"type":"Feature","id":"820631209","properties":{"radio":"820631209","population":1042,"dwellings":454,"households":399,"rented_households":91,"occupied_dwellings":398,"rented_pct":22.8,"source":"INDEC · Censo 2022"},"geometry":{"type":"Polygon","coordinates":[[[-60.71338012002821,-31.61979791964708],[-60.713303190103915,-31.618693600284452],[-60.71346078963905,-31.618629590226917],[-60.7182344101094,-31.61787234018652],[-60.717428640164165,-31.615870270219133],[-60.71777305963399,-31.614060139675125],[-60.71522665021385,-31.61457043023005],[-60.715032199989146,-31.613949250014553],[-60.71527171958998,-31.613573650308066],[-60.71509267008249,-31.61358818009985],[-60.71120733969769,-31.620265469909523],[-60.71338012002821,-31.61979791964708]]]}},{"type":"Feature","id":"820631210","properties":{"radio":"820631210","population":723,"dwellings":218,"households":223,"rented_households":5,"occupied_dwellings":217,"rented_pct":2.2,"source":"INDEC · Censo 2022"},"geometry":{"type":"Polygon","coordinates":[[[-60.7182344101094,-31.61787234018652],[-60.718403170313614,-31.61788941972503],[-60.718495139832406,-31.61820004004116],[-60.722114910252905,-31.6174716796443],[-60.72190705985912,-31.616485339928175],[-60.72173875959231,-31.616526870127604],[-60.72107338015631,-31.61428955025923],[-60.72072075996626,-31.613660249914506],[-60.72093975036791,-31.61267601032043],[-60.72076774005899,-31.61223507977977],[-60.71842972002185,-31.612428620152244],[-60.7174752097268,-31.615071870050222],[-60.717428640164165,-31.615870270219133],[-60.7182344101094,-31.61787234018652]]]}},{"type":"Feature","id":"820631211","properties":{"radio":"820631211","population":821,"dwellings":341,"households":319,"rented_households":95,"occupied_dwellings":316,"rented_pct":29.8,"source":"INDEC · Censo 2022"},"geometry":{"type":"Polygon","coordinates":[[[-60.713303190103915,-31.618693600284452],[-60.71341255010827,-31.621285779762264],[-60.71838703028291,-31.62059052990907],[-60.718406559657176,-31.618331310290166],[-60.7182344101094,-31.61787234018652],[-60.71346078963905,-31.618629590226917],[-60.713303190103915,-31.618693600284452]]]}},{"type":"Feature","id":"820631212","properties":{"radio":"820631212","population":918,"dwellings":419,"households":364,"rented_households":96,"occupied_dwellings":360,"rented_pct":26.4,"source":"INDEC · Censo 2022"},"geometry":{"type":"Polygon","coordinates":[[[-60.70978217956742,-31.622730919859755],[-60.7135226997318,-31.62467159003067],[-60.71338012002821,-31.61979791964708],[-60.71120733969769,-31.620265469909523],[-60.70978217956742,-31.622730919859755]]]}},{"type":"Feature","id":"820631213","properties":{"radio":"820631213","population":1002,"dwellings":380,"households":364,"rented_households":85,"occupied_dwellings":362,"rented_pct":23.4,"source":"INDEC · Censo 2022"},"geometry":{"type":"Polygon","coordinates":[[[-60.71347289982738,-31.62367081982759],[-60.71851043993832,-31.622934630346126],[-60.71838703028291,-31.62059052990907],[-60.71341255010827,-31.621285779762264],[-60.71347289982738,-31.62367081982759]]]}},{"type":"Feature","id":"820631214","properties":{"radio":"820631214","population":1208,"dwellings":351,"households":362,"rented_households":32,"occupied_dwellings":351,"rented_pct":8.8,"source":"INDEC · Censo 2022"},"geometry":{"type":"Polygon","coordinates":[[[-60.72186643983859,-31.620097450173013],[-60.71838703028291,-31.62059052990907],[-60.71851043993832,-31.622934630346126],[-60.7218926302207,-31.622807329702784],[-60.721904339760435,-31.62364146965862],[-60.72227300026819,-31.62361232983487],[-60.72186643983859,-31.620097450173013]]]}},{"type":"Feature","id":"820631215","properties":{"radio":"820631215","population":1288,"dwellings":383,"households":386,"rented_households":27,"occupied_dwellings":378,"rented_pct":7.0,"source":"INDEC · Censo 2022"},"geometry":{"type":"Polygon","coordinates":[[[-60.7131418598654,-31.606519610375283],[-60.71300702004632,-31.608184259996307],[-60.71869339981224,-31.606970979716294],[-60.720128799838434,-31.604527920165967],[-60.717697530183216,-31.604902339892558],[-60.71792670029366,-31.605929149878413],[-60.71650487021815,-31.606027319861834],[-60.71653391005633,-31.60637888024826],[-60.7131418598654,-31.606519610375283]]]}},{"type":"Feature","id":"820631216","properties":{"radio":"820631216","population":635,"dwellings":227,"households":215,"rented_households":38,"occupied_dwellings":214,"rented_pct":17.7,"source":"INDEC · Censo 2022"},"geometry":{"type":"Polygon","coordinates":[[[-60.7173066498469,-31.603398450122263],[-60.71748001032368,-31.604019749703724],[-60.718153579700136,-31.60391224966128],[-60.718355299990435,-31.604794929618304],[-60.720128799838434,-31.604527920165967],[-60.72052143009292,-31.60351563986366],[-60.72069507982723,-31.603487600059925],[-60.72111270031461,-31.601618430366056],[-60.71837234013306,-31.602211049769487],[-60.71863737997281,-31.603106890164522],[-60.7173066498469,-31.603398450122263]]]}},{"type":"Feature","id":"820631217","properties":{"radio":"820631217","population":774,"dwellings":234,"households":240,"rented_households":20,"occupied_dwellings":230,"rented_pct":8.3,"source":"INDEC · Censo 2022"},"geometry":{"type":"Polygon","coordinates":[[[-60.71704689030439,-31.60250256968652],[-60.71571624012854,-31.60280313978055],[-60.715970749916536,-31.60370354971139],[-60.715344839759155,-31.603842339793918],[-60.71561522996473,-31.604751690351048],[-60.716183259871706,-31.604622250153337],[-60.71650487021815,-31.606027319861834],[-60.71792670029366,-31.605929149878413],[-60.717697530183216,-31.604902339892558],[-60.718355299990435,-31.604794929618304],[-60.718153579700136,-31.60391224966128],[-60.71748001032368,-31.604019749703724],[-60.71704689030439,-31.60250256968652]]]}},{"type":"Feature","id":"820631218","properties":{"radio":"820631218","population":797,"dwellings":257,"households":250,"rented_households":28,"occupied_dwellings":250,"rented_pct":11.2,"source":"INDEC · Censo 2022"},"geometry":{"type":"Polygon","coordinates":[[[-60.71304294996273,-31.610132049972094],[-60.71316872039072,-31.616953789619707],[-60.71693325970916,-31.610362789920906],[-60.71523321959353,-31.610606800311814],[-60.71495745027603,-31.609683949670117],[-60.71304294996273,-31.610132049972094]]]}},{"type":"Feature","id":"820631219","properties":{"radio":"820631219","population":886,"dwellings":249,"households":255,"rented_households":5,"occupied_dwellings":248,"rented_pct":2.0,"source":"INDEC · Censo 2022"},"geometry":{"type":"Polygon","coordinates":[[[-60.72186643983859,-31.620097450173013],[-60.72219747980056,-31.619292929862507],[-60.722114910252905,-31.6174716796443],[-60.718495139832406,-31.61820004004116],[-60.718403170313614,-31.61788941972503],[-60.718261179904864,-31.617926299798146],[-60.718444829684934,-31.61851146024125],[-60.71838703028291,-31.62059052990907],[-60.72186643983859,-31.620097450173013]]]}},{"type":"Feature","id":"820631220","properties":{"radio":"820631220","population":755,"dwellings":274,"households":267,"rented_households":54,"occupied_dwellings":263,"rented_pct":20.2,"source":"INDEC · Censo 2022"},"geometry":{"type":"Polygon","coordinates":[[[-60.717973070430304,-31.608539730055252],[-60.71693325970916,-31.610362789920906],[-60.717160329558475,-31.61042914972672],[-60.71696808020621,-31.61078194967246],[-60.71711954963785,-31.61129514999858],[-60.71862398968518,-31.610966539929585],[-60.71822436963947,-31.61244780984167],[-60.72014611037395,-31.612252109861497],[-60.72079141964988,-31.610521440278095],[-60.72190505032783,-31.610763159750746],[-60.72404437021065,-31.60736914010667],[-60.71963867991773,-31.607935140344992],[-60.71949518033931,-31.6084590196293],[-60.717973070430304,-31.608539730055252]]]}},{"type":"Feature","id":"820631301","properties":{"radio":"820631301","population":802,"dwellings":319,"households":291,"rented_households":64,"occupied_dwellings":288,"rented_pct":22.0,"source":"INDEC · Censo 2022"},"geometry":{"type":"Polygon","coordinates":[[[-60.70752771991969,-31.602659359713773],[-60.70860881002478,-31.606274280241088],[-60.70996069008574,-31.605982690269304],[-60.70955538999249,-31.60464570983971],[-60.71089135999145,-31.6043451801218],[-60.71045946976577,-31.60297677975259],[-60.71265819972991,-31.602509099804237],[-60.71257193002161,-31.60155813004527],[-60.70752771991969,-31.602659359713773]]]}},{"type":"Feature","id":"820631302","properties":{"radio":"820631302","population":1001,"dwellings":407,"households":369,"rented_households":73,"occupied_dwellings":368,"rented_pct":19.8,"source":"INDEC · Censo 2022"},"geometry":{"type":"Polygon","coordinates":[[[-60.705352819565086,-31.60699123014143],[-60.70860881002478,-31.606274280241088],[-60.70752771991969,-31.602659359713773],[-60.70260952009593,-31.603719120034206],[-60.702211599662725,-31.604753919794973],[-60.70386349996061,-31.604424679927167],[-60.70413890995198,-31.605315989670892],[-60.70483857987901,-31.605172339721687],[-60.705352819565086,-31.60699123014143]]]}},{"type":"Feature","id":"820631303","properties":{"radio":"820631303","population":476,"dwellings":242,"households":187,"rented_households":46,"occupied_dwellings":187,"rented_pct":24.6,"source":"INDEC · Censo 2022"},"geometry":{"type":"Polygon","coordinates":[[[-60.70106557034575,-31.607907660361814],[-60.705352819565086,-31.60699123014143],[-60.70483857987901,-31.605172339721687],[-60.70413890995198,-31.605315989670892],[-60.70386349996061,-31.604424679927167],[-60.702211599662725,-31.604753919794973],[-60.70106557034575,-31.607907660361814]]]}},{"type":"Feature","id":"820631304","properties":{"radio":"820631304","population":767,"dwellings":362,"households":328,"rented_households":74,"occupied_dwellings":328,"rented_pct":22.6,"source":"INDEC · Censo 2022"},"geometry":{"type":"Polygon","coordinates":[[[-60.703193569659376,-31.611327480013465],[-60.70267924014178,-31.609495059632945],[-60.7041206498972,-31.609189510048907],[-60.70370638012582,-31.60735203033064],[-60.70106557034575,-31.607907660361814],[-60.69992419969184,-31.610989210037562],[-60.70163430992181,-31.610677710351727],[-60.70190471989032,-31.611605129810837],[-60.703193569659376,-31.611327480013465]]]}},{"type":"Feature","id":"820631305","properties":{"radio":"820631305","population":686,"dwellings":319,"households":279,"rented_households":68,"occupied_dwellings":279,"rented_pct":24.4,"source":"INDEC · Censo 2022"},"geometry":{"type":"Polygon","coordinates":[[[-60.703193569659376,-31.611327480013465],[-60.7057343897618,-31.61077686986826],[-60.705988840260964,-31.611677309794132],[-60.70736704006145,-31.611372080268065],[-60.70710201010316,-31.610467190251242],[-60.70836982042996,-31.610198630272645],[-60.70782395016441,-31.608388950219965],[-60.70267924014178,-31.609495059632945],[-60.703193569659376,-31.611327480013465]]]}},{"type":"Feature","id":"820631306","properties":{"radio":"820631306","population":753,"dwellings":293,"households":262,"rented_households":47,"occupied_dwellings":259,"rented_pct":17.9,"source":"INDEC · Censo 2022"},"geometry":{"type":"Polygon","coordinates":[[[-60.70996069008574,-31.605982690269304],[-60.712922120268814,-31.605339420109626],[-60.71265819972991,-31.602509099804237],[-60.71045946976577,-31.60297677975259],[-60.71089135999145,-31.6043451801218],[-60.70955538999249,-31.60464570983971],[-60.70996069008574,-31.605982690269304]]]}},{"type":"Feature","id":"820631307","properties":{"radio":"820631307","population":766,"dwellings":320,"households":282,"rented_households":48,"occupied_dwellings":278,"rented_pct":17.0,"source":"INDEC · Censo 2022"},"geometry":{"type":"Polygon","coordinates":[[[-60.71308523995136,-31.605311449711877],[-60.70727800983027,-31.606565740003678],[-60.70782395016441,-31.608388950219965],[-60.71316815984198,-31.60720485965572],[-60.71308523995136,-31.605311449711877]]]}},{"type":"Feature","id":"820631308","properties":{"radio":"820631308","population":950,"dwellings":334,"households":313,"rented_households":30,"occupied_dwellings":306,"rented_pct":9.6,"source":"INDEC · Censo 2022"},"geometry":{"type":"Polygon","coordinates":[[[-60.70836982042996,-31.610198630272645],[-60.71302508965825,-31.60917167993597],[-60.71299983981226,-31.607241880142816],[-60.70782395016441,-31.608388950219965],[-60.70836982042996,-31.610198630272645]]]}},{"type":"Feature","id":"820631309","properties":{"radio":"820631309","population":829,"dwellings":318,"households":277,"rented_households":24,"occupied_dwellings":274,"rented_pct":8.7,"source":"INDEC · Censo 2022"},"geometry":{"type":"Polygon","coordinates":[[[-60.70836982042996,-31.610198630272645],[-60.70888950031339,-31.612026490287825],[-60.71305037004699,-31.611106000060815],[-60.71302508965825,-31.60917167993597],[-60.70836982042996,-31.610198630272645]]]}},{"type":"Feature","id":"820631310","properties":{"radio":"820631310","population":747,"dwellings":286,"households":253,"rented_households":63,"occupied_dwellings":246,"rented_pct":24.9,"source":"INDEC · Censo 2022"},"geometry":{"type":"Polygon","coordinates":[[[-60.7085584298087,-31.61562218015881],[-60.70839608986382,-31.61505942969295],[-60.709658650436076,-31.614786370240832],[-60.70916522022355,-31.61294934983804],[-60.70525643033511,-31.613773639959486],[-60.70531316972508,-31.615707780312096],[-60.7085584298087,-31.61562218015881]]]}},{"type":"Feature","id":"820631311","properties":{"radio":"820631311","population":703,"dwellings":356,"households":289,"rented_households":79,"occupied_dwellings":286,"rented_pct":27.3,"source":"INDEC · Censo 2022"},"geometry":{"type":"Polygon","coordinates":[[[-60.70533223017877,-31.614742700329888],[-60.70493345005786,-31.612869070112612],[-60.70624872017772,-31.612600269963078],[-60.7057343897618,-31.61077686986826],[-60.70190471989032,-31.611605129810837],[-60.70217480017711,-31.61248744995627],[-60.70344268955565,-31.612223449963405],[-60.70382628006343,-31.613483920206203],[-60.70255321010067,-31.61376148018599],[-60.70299109029265,-31.615233589953313],[-60.70533223017877,-31.614742700329888]]]}},{"type":"Feature","id":"820631312","properties":{"radio":"820631312","population":815,"dwellings":370,"households":327,"rented_households":56,"occupied_dwellings":317,"rented_pct":17.1,"source":"INDEC · Censo 2022"},"geometry":{"type":"Polygon","coordinates":[[[-60.69858662979336,-31.61462194987865],[-60.70382628006343,-31.613483920206203],[-60.70344268955565,-31.612223449963405],[-60.70217480017711,-31.61248744995627],[-60.70163430992181,-31.610677710351727],[-60.69992419969184,-31.610989210037562],[-60.69858662979336,-31.61462194987865]]]}},{"type":"Feature","id":"820631313","properties":{"radio":"820631313","population":537,"dwellings":267,"households":225,"rented_households":71,"occupied_dwellings":222,"rented_pct":31.6,"source":"INDEC · Censo 2022"},"geometry":{"type":"Polygon","coordinates":[[[-60.69778002980479,-31.6166870797227],[-60.700785359757504,-31.617626580220303],[-60.701948040246585,-31.61737669026187],[-60.70168304981418,-31.6164717997129],[-60.70324024971479,-31.616134060207433],[-60.70299109029265,-31.615233589953313],[-60.698082550053144,-31.616270579641952],[-60.69778002980479,-31.6166870797227]]]}},{"type":"Feature","id":"820631314","properties":{"radio":"820631314","population":767,"dwellings":366,"households":307,"rented_households":94,"occupied_dwellings":306,"rented_pct":30.6,"source":"INDEC · Censo 2022"},"geometry":{"type":"Polygon","coordinates":[[[-60.700785359757504,-31.617626580220303],[-60.70212896004648,-31.61831361962265],[-60.705317150160106,-31.617633190364515],[-60.70533223017877,-31.614742700329888],[-60.70299109029265,-31.615233589953313],[-60.70324024971479,-31.616134060207433],[-60.70168304981418,-31.6164717997129],[-60.701948040246585,-31.61737669026187],[-60.700785359757504,-31.617626580220303]]]}},{"type":"Feature","id":"820631315","properties":{"radio":"820631315","population":509,"dwellings":250,"households":206,"rented_households":74,"occupied_dwellings":206,"rented_pct":35.9,"source":"INDEC · Censo 2022"},"geometry":{"type":"Polygon","coordinates":[[[-60.70212896004648,-31.61831361962265],[-60.70338321030406,-31.61902819032878],[-60.70780766999651,-31.61807485036007],[-60.7075425502067,-31.617160939855534],[-60.7064482997827,-31.617396969787503],[-60.705934280183875,-31.61561867038026],[-60.70531316972508,-31.615707780312096],[-60.705317150160106,-31.617633190364515],[-60.70212896004648,-31.61831361962265]]]}},{"type":"Feature","id":"820631316","properties":{"radio":"820631316","population":421,"dwellings":229,"households":182,"rented_households":49,"occupied_dwellings":179,"rented_pct":26.9,"source":"INDEC · Censo 2022"},"geometry":{"type":"Polygon","coordinates":[[[-60.70919660017305,-31.617783060208097],[-60.710432849988955,-31.61751014032224],[-60.71120733969769,-31.620265469909523],[-60.71316872039072,-31.616953789619707],[-60.71313994016564,-31.615943889663107],[-60.70892087038143,-31.616860199623527],[-60.70919660017305,-31.617783060208097]]]}},{"type":"Feature","id":"820631317","properties":{"radio":"820631317","population":476,"dwellings":234,"households":198,"rented_households":48,"occupied_dwellings":197,"rented_pct":24.2,"source":"INDEC · Censo 2022"},"geometry":{"type":"Polygon","coordinates":[[[-60.708368870012386,-31.62190006021561],[-60.70978217956742,-31.622730919859755],[-60.71120733969769,-31.620265469909523],[-60.71095777962692,-31.619324440121662],[-60.70833788981319,-31.619898139621093],[-60.708883840028804,-31.621707810104898],[-60.708368870012386,-31.62190006021561]]]}},{"type":"Feature","id":"820631318","properties":{"radio":"820631318","population":750,"dwellings":330,"households":299,"rented_households":68,"occupied_dwellings":297,"rented_pct":22.7,"source":"INDEC · Censo 2022"},"geometry":{"type":"Polygon","coordinates":[[[-60.70338321030406,-31.61902819032878],[-60.708368870012386,-31.62190006021561],[-60.708883840028804,-31.621707810104898],[-60.70780766999651,-31.61807485036007],[-60.70338321030406,-31.61902819032878]]]}},{"type":"Feature","id":"820631319","properties":{"radio":"820631319","population":679,"dwellings":272,"households":242,"rented_households":55,"occupied_dwellings":234,"rented_pct":22.7,"source":"INDEC · Censo 2022"},"geometry":{"type":"Polygon","coordinates":[[[-60.70782395016441,-31.608388950219965],[-60.70727800983027,-31.606565740003678],[-60.70370638012582,-31.60735203033064],[-60.7041206498972,-31.609189510048907],[-60.70782395016441,-31.608388950219965]]]}},{"type":"Feature","id":"820631320","properties":{"radio":"820631320","population":598,"dwellings":239,"households":220,"rented_households":46,"occupied_dwellings":218,"rented_pct":20.9,"source":"INDEC · Censo 2022"},"geometry":{"type":"Polygon","coordinates":[[[-60.70916522022355,-31.61294934983804],[-60.70836982042996,-31.610198630272645],[-60.70710201010316,-31.610467190251242],[-60.70736704006145,-31.611372080268065],[-60.705988840260964,-31.611677309794132],[-60.70624872017772,-31.612600269963078],[-60.70493345005786,-31.612869070112612],[-60.70522266985009,-31.614188670168318],[-60.70525643033511,-31.613773639959486],[-60.70916522022355,-31.61294934983804]]]}},{"type":"Feature","id":"820631321","properties":{"radio":"820631321","population":1047,"dwellings":345,"households":328,"rented_households":52,"occupied_dwellings":323,"rented_pct":15.9,"source":"INDEC · Censo 2022"},"geometry":{"type":"Polygon","coordinates":[[[-60.709658650436076,-31.614786370240832],[-60.713109560041055,-31.614032149712195],[-60.71305037004699,-31.611106000060815],[-60.70888950031339,-31.612026490287825],[-60.709658650436076,-31.614786370240832]]]}},{"type":"Feature","id":"820631322","properties":{"radio":"820631322","population":466,"dwellings":218,"households":196,"rented_households":48,"occupied_dwellings":196,"rented_pct":24.5,"source":"INDEC · Censo 2022"},"geometry":{"type":"Polygon","coordinates":[[[-60.70299109029265,-31.615233589953313],[-60.70255321010067,-31.61376148018599],[-60.69858662979336,-31.61462194987865],[-60.69791609043437,-31.6165600803511],[-60.698082550053144,-31.616270579641952],[-60.70299109029265,-31.615233589953313]]]}},{"type":"Feature","id":"820631323","properties":{"radio":"820631323","population":652,"dwellings":277,"households":246,"rented_households":40,"occupied_dwellings":243,"rented_pct":16.3,"source":"INDEC · Censo 2022"},"geometry":{"type":"Polygon","coordinates":[[[-60.70839608986382,-31.61505942969295],[-60.70892087038143,-31.616860199623527],[-60.71313994016564,-31.615943889663107],[-60.713109560041055,-31.614032149712195],[-60.70839608986382,-31.61505942969295]]]}},{"type":"Feature","id":"820631324","properties":{"radio":"820631324","population":526,"dwellings":231,"households":207,"rented_households":36,"occupied_dwellings":206,"rented_pct":17.4,"source":"INDEC · Censo 2022"},"geometry":{"type":"Polygon","coordinates":[[[-60.71095777962692,-31.619324440121662],[-60.710432849988955,-31.61751014032224],[-60.70780766999651,-31.61807485036007],[-60.70833788981319,-31.619898139621093],[-60.71095777962692,-31.619324440121662]]]}},{"type":"Feature","id":"820631325","properties":{"radio":"820631325","population":430,"dwellings":218,"households":185,"rented_households":56,"occupied_dwellings":183,"rented_pct":30.3,"source":"INDEC · Censo 2022"},"geometry":{"type":"Polygon","coordinates":[[[-60.70919660017305,-31.617783060208097],[-60.7085584298087,-31.61562218015881],[-60.705934280183875,-31.61561867038026],[-60.7064482997827,-31.617396969787503],[-60.7075425502067,-31.617160939855534],[-60.70780766999651,-31.61807485036007],[-60.70919660017305,-31.617783060208097]]]}},{"type":"Feature","id":"820631401","properties":{"radio":"820631401","population":911,"dwellings":408,"households":380,"rented_households":105,"occupied_dwellings":375,"rented_pct":27.6,"source":"INDEC · Censo 2022"},"geometry":{"type":"Polygon","coordinates":[[[-60.70010552014037,-31.61972708999084],[-60.70338321030406,-31.61902819032878],[-60.70043103995493,-31.617457170348104],[-60.69778002980479,-31.6166870797227],[-60.69776349990526,-31.61729591023495],[-60.697552930311076,-31.617324120294732],[-60.697045819655095,-31.61857142982597],[-60.697419400235674,-31.61849725020937],[-60.697775619975076,-31.619627110029462],[-60.69783458988189,-31.62117344990414],[-60.7003651997328,-31.620627509885143],[-60.70010552014037,-31.61972708999084]]]}},{"type":"Feature","id":"820631402","properties":{"radio":"820631402","population":480,"dwellings":209,"households":193,"rented_households":47,"occupied_dwellings":192,"rented_pct":24.4,"source":"INDEC · Censo 2022"},"geometry":{"type":"Polygon","coordinates":[[[-60.70131557957416,-31.61946793972039],[-60.70185091978796,-31.621286719878903],[-60.705297029694364,-31.620555280236164],[-60.705293599926605,-31.620099869722992],[-60.70338321030406,-31.61902819032878],[-60.70131557957416,-31.61946793972039]]]}},{"type":"Feature","id":"820631403","properties":{"radio":"820631403","population":580,"dwellings":285,"households":242,"rented_households":99,"occupied_dwellings":239,"rented_pct":40.9,"source":"INDEC · Censo 2022"},"geometry":{"type":"Polygon","coordinates":[[[-60.7038290702307,-31.62085647973558],[-60.70434338986684,-31.622675359734497],[-60.708368870012386,-31.62190006021561],[-60.705293599926605,-31.620099869722992],[-60.705297029694364,-31.620555280236164],[-60.7038290702307,-31.62085647973558]]]}},{"type":"Feature","id":"820631404","properties":{"radio":"820631404","population":470,"dwellings":236,"households":216,"rented_households":83,"occupied_dwellings":214,"rented_pct":38.4,"source":"INDEC · Censo 2022"},"geometry":{"type":"Polygon","coordinates":[[[-60.69789101036994,-31.623085050050705],[-60.69761935982804,-31.62552152013162],[-60.69971345043462,-31.625077170092723],[-60.6996153202696,-31.624640320236182],[-60.702656570257254,-31.624010370088843],[-60.702380940178614,-31.62309651022539],[-60.70116025996323,-31.623351229875333],[-60.70091114006695,-31.622455259954183],[-60.69789101036994,-31.623085050050705]]]}},{"type":"Feature","id":"820631405","properties":{"radio":"820631405","population":897,"dwellings":382,"households":383,"rented_households":138,"occupied_dwellings":376,"rented_pct":36.0,"source":"INDEC · Censo 2022"},"geometry":{"type":"Polygon","coordinates":[[[-60.702656570257254,-31.624010370088843],[-60.70316564013888,-31.62583380006241],[-60.70716954005634,-31.62497296972934],[-60.70690446967387,-31.62406809032032],[-60.709019540433914,-31.62361897015093],[-60.70963959986385,-31.62269113035636],[-60.70914385020126,-31.622639779635204],[-60.702656570257254,-31.624010370088843]]]}},{"type":"Feature","id":"820631406","properties":{"radio":"820631406","population":798,"dwellings":402,"households":341,"rented_households":111,"occupied_dwellings":335,"rented_pct":32.6,"source":"INDEC · Censo 2022"},"geometry":{"type":"Polygon","coordinates":[[[-60.70316564013888,-31.62583380006241],[-60.70371683022753,-31.627647969701812],[-60.70522212008113,-31.627391660126452],[-60.705272169717205,-31.626340740038273],[-60.70744515037203,-31.625877799798015],[-60.707607880185755,-31.626490149920595],[-60.70978217956742,-31.622730919859755],[-60.70965520000707,-31.622663989770025],[-60.709019540433914,-31.62361897015093],[-60.70690446967387,-31.62406809032032],[-60.70716954005634,-31.62497296972934],[-60.70316564013888,-31.62583380006241]]]}},{"type":"Feature","id":"820631407","properties":{"radio":"820631407","population":684,"dwellings":369,"households":338,"rented_households":179,"occupied_dwellings":335,"rented_pct":53.0,"source":"INDEC · Censo 2022"},"geometry":{"type":"Polygon","coordinates":[[[-60.70371683022753,-31.627647969701812],[-60.70450144035626,-31.630362699652153],[-60.7049434096794,-31.630265570318397],[-60.70487533983875,-31.63102348972046],[-60.707607880185755,-31.626490149920595],[-60.70744515037203,-31.625877799798015],[-60.705272169717205,-31.626340740038273],[-60.70522212008113,-31.627391660126452],[-60.70371683022753,-31.627647969701812]]]}},{"type":"Feature","id":"820631408","properties":{"radio":"820631408","population":781,"dwellings":374,"households":346,"rented_households":114,"occupied_dwellings":343,"rented_pct":32.9,"source":"INDEC · Censo 2022"},"geometry":{"type":"Polygon","coordinates":[[[-60.69761935982804,-31.62552152013162],[-60.69837734029846,-31.627519460091982],[-60.69825266042523,-31.627055699628198],[-60.70316564013888,-31.62583380006241],[-60.702656570257254,-31.624010370088843],[-60.6996153202696,-31.624640320236182],[-60.69971345043462,-31.625077170092723],[-60.69761935982804,-31.62552152013162]]]}},{"type":"Feature","id":"820631409","properties":{"radio":"820631409","population":446,"dwellings":275,"households":222,"rented_households":89,"occupied_dwellings":221,"rented_pct":40.1,"source":"INDEC · Censo 2022"},"geometry":{"type":"Polygon","coordinates":[[[-60.69877092995368,-31.628707740022232],[-60.70371683022753,-31.627647969701812],[-60.70344644990342,-31.626734089729265],[-60.698484820128954,-31.627798449861757],[-60.69877092995368,-31.628707740022232]]]}},{"type":"Feature","id":"820631410","properties":{"radio":"820631410","population":401,"dwellings":177,"households":169,"rented_households":59,"occupied_dwellings":166,"rented_pct":34.9,"source":"INDEC · Censo 2022"},"geometry":{"type":"Polygon","coordinates":[[[-60.701674000186,-31.63001301965535],[-60.70129123972154,-31.628166350164133],[-60.69877092995368,-31.628707740022232],[-60.69837734029846,-31.627519460091982],[-60.69800827015892,-31.626790989828915],[-60.69786621956305,-31.626823329759024],[-60.698063939655405,-31.6278954402668],[-60.69788790040244,-31.62831576017411],[-60.69752254030502,-31.628791230065527],[-60.69680370032983,-31.62921450983258],[-60.69839297008609,-31.629611650336336],[-60.69912215955166,-31.630572640106337],[-60.701674000186,-31.63001301965535]]]}},{"type":"Feature","id":"820631411","properties":{"radio":"820631411","population":647,"dwellings":366,"households":309,"rented_households":140,"occupied_dwellings":305,"rented_pct":45.3,"source":"INDEC · Censo 2022"},"geometry":{"type":"Polygon","coordinates":[[[-60.7049434096794,-31.630265570318397],[-60.70189700965023,-31.630936190358096],[-60.69971857981487,-31.631394549913235],[-60.70055523024633,-31.63192205030405],[-60.701389250410614,-31.632097840270976],[-60.70363211999455,-31.63179690967912],[-60.7049883901223,-31.631338510039292],[-60.7049434096794,-31.630265570318397]]]}},{"type":"Feature","id":"820631412","properties":{"radio":"820631412","population":661,"dwellings":327,"households":274,"rented_households":84,"occupied_dwellings":273,"rented_pct":30.7,"source":"INDEC · Censo 2022"},"geometry":{"type":"Polygon","coordinates":[[[-60.69783458988189,-31.62117344990414],[-60.69789101036994,-31.623085050050705],[-60.70091114006695,-31.622455259954183],[-60.7006408396929,-31.621545879618356],[-60.70185091978796,-31.621286719878903],[-60.70131557957416,-31.61946793972039],[-60.70010552014037,-31.61972708999084],[-60.7003651997328,-31.620627509885143],[-60.69783458988189,-31.62117344990414]]]}},{"type":"Feature","id":"820631413","properties":{"radio":"820631413","population":584,"dwellings":236,"households":232,"rented_households":68,"occupied_dwellings":230,"rented_pct":29.3,"source":"INDEC · Censo 2022"},"geometry":{"type":"Polygon","coordinates":[[[-60.70116025996323,-31.623351229875333],[-60.70434338986684,-31.622675359734497],[-60.7038290702307,-31.62085647973558],[-60.7006408396929,-31.621545879618356],[-60.70116025996323,-31.623351229875333]]]}},{"type":"Feature","id":"820631414","properties":{"radio":"820631414","population":496,"dwellings":246,"households":211,"rented_households":60,"occupied_dwellings":209,"rented_pct":28.4,"source":"INDEC · Censo 2022"},"geometry":{"type":"Polygon","coordinates":[[[-60.702656570257254,-31.624010370088843],[-60.70862815973599,-31.622737329994056],[-60.70965520000707,-31.622663989770025],[-60.708368870012386,-31.62190006021561],[-60.70718035038248,-31.62222229035905],[-60.70714243968086,-31.622087220033087],[-60.702380940178614,-31.62309651022539],[-60.702656570257254,-31.624010370088843]]]}},{"type":"Feature","id":"820631415","properties":{"radio":"820631415","population":385,"dwellings":227,"households":190,"rented_households":64,"occupied_dwellings":190,"rented_pct":33.7,"source":"INDEC · Censo 2022"},"geometry":{"type":"Polygon","coordinates":[[[-60.70344644990342,-31.626734089729265],[-60.70316564013888,-31.62583380006241],[-60.69825266042523,-31.627055699628198],[-60.698484820128954,-31.627798449861757],[-60.70344644990342,-31.626734089729265]]]}},{"type":"Feature","id":"820631416","properties":{"radio":"820631416","population":416,"dwellings":221,"households":197,"rented_households":79,"occupied_dwellings":194,"rented_pct":40.1,"source":"INDEC · Censo 2022"},"geometry":{"type":"Polygon","coordinates":[[[-60.701674000186,-31.63001301965535],[-60.704236389736735,-31.62945780994425],[-60.70371683022753,-31.627647969701812],[-60.70129123972154,-31.628166350164133],[-60.701674000186,-31.63001301965535]]]}},{"type":"Feature","id":"820631417","properties":{"radio":"820631417","population":383,"dwellings":204,"households":166,"rented_households":49,"occupied_dwellings":165,"rented_pct":29.5,"source":"INDEC · Censo 2022"},"geometry":{"type":"Polygon","coordinates":[[[-60.69912215955166,-31.630572640106337],[-60.69971857981487,-31.631394549913235],[-60.70450144035626,-31.630362699652153],[-60.704236389736735,-31.62945780994425],[-60.69912215955166,-31.630572640106337]]]}},{"type":"Feature","id":"820631501","properties":{"radio":"820631501","population":513,"dwellings":219,"households":207,"rented_households":53,"occupied_dwellings":204,"rented_pct":25.6,"source":"INDEC · Censo 2022"},"geometry":{"type":"Polygon","coordinates":[[[-60.69778002980479,-31.6166870797227],[-60.695198100100015,-31.61598870037249],[-60.69545729011063,-31.61683050994985],[-60.694778629981464,-31.616978500000652],[-60.69503822962385,-31.61787443009126],[-60.69330217964174,-31.618262639790885],[-60.693551419912275,-31.619185670059764],[-60.697045819655095,-31.61857142982597],[-60.697552930311076,-31.617324120294732],[-60.69776349990526,-31.61729591023495],[-60.69778002980479,-31.6166870797227]]]}},{"type":"Feature","id":"820631502","properties":{"radio":"820631502","population":731,"dwellings":300,"households":281,"rented_households":75,"occupied_dwellings":280,"rented_pct":26.7,"source":"INDEC · Censo 2022"},"geometry":{"type":"Polygon","coordinates":[[[-60.693026689700304,-31.617353269737418],[-60.69241051009408,-31.61526432970801],[-60.688751970182544,-31.614328159897408],[-60.689573609765596,-31.61713748026288],[-60.69170425012614,-31.616666019760356],[-60.69197448043158,-31.617579929769985],[-60.693026689700304,-31.617353269737418]]]}},{"type":"Feature","id":"820631503","properties":{"radio":"820631503","population":881,"dwellings":403,"households":364,"rented_households":88,"occupied_dwellings":363,"rented_pct":24.2,"source":"INDEC · Censo 2022"},"geometry":{"type":"Polygon","coordinates":[[[-60.68513696981619,-31.613572010131346],[-60.68612054959381,-31.616921600020387],[-60.689303439647254,-31.616228080090956],[-60.688751970182544,-31.614328159897408],[-60.68631819961759,-31.613696440097296],[-60.68513696981619,-31.613572010131346]]]}},{"type":"Feature","id":"820631504","properties":{"radio":"820631504","population":558,"dwellings":277,"households":250,"rented_households":62,"occupied_dwellings":240,"rented_pct":24.8,"source":"INDEC · Censo 2022"},"geometry":{"type":"Polygon","coordinates":[[[-60.68878300967055,-31.62211993029805],[-60.688518129730944,-31.621215010139235],[-60.68744481993453,-31.62144624966014],[-60.68612054959381,-31.616921600020387],[-60.68386878040035,-31.617407150092422],[-60.68742030041885,-31.622411360336443],[-60.68878300967055,-31.62211993029805]]]}},{"type":"Feature","id":"820631505","properties":{"radio":"820631505","population":373,"dwellings":155,"households":154,"rented_households":36,"occupied_dwellings":152,"rented_pct":23.4,"source":"INDEC · Censo 2022"},"geometry":{"type":"Polygon","coordinates":[[[-60.69010864006061,-31.618947300050642],[-60.689303439647254,-31.616228080090956],[-60.68824598960718,-31.616459240205234],[-60.68877571984202,-31.618269090011363],[-60.68666595004047,-31.61871784969421],[-60.686936169566145,-31.61963628034592],[-60.69010864006061,-31.618947300050642]]]}},{"type":"Feature","id":"820631506","properties":{"radio":"820631506","population":562,"dwellings":273,"households":239,"rented_households":54,"occupied_dwellings":238,"rented_pct":22.6,"source":"INDEC · Censo 2022"},"geometry":{"type":"Polygon","coordinates":[[[-60.69010864006061,-31.618947300050642],[-60.69330217964174,-31.618262639790885],[-60.693026689700304,-31.617353269737418],[-60.69197448043158,-31.617579929769985],[-60.69170425012614,-31.616666019760356],[-60.689573609765596,-31.61713748026288],[-60.69010864006061,-31.618947300050642]]]}},{"type":"Feature","id":"820631507","properties":{"radio":"820631507","population":773,"dwellings":356,"households":331,"rented_households":109,"occupied_dwellings":325,"rented_pct":32.9,"source":"INDEC · Censo 2022"},"geometry":{"type":"Polygon","coordinates":[[[-60.69010864006061,-31.618947300050642],[-60.69090863024531,-31.62166654000265],[-60.69328152018683,-31.621162179964017],[-60.69275138032024,-31.619311770079662],[-60.693551419912275,-31.619185670059764],[-60.69330217964174,-31.618262639790885],[-60.69010864006061,-31.618947300050642]]]}},{"type":"Feature","id":"820631508","properties":{"radio":"820631508","population":871,"dwellings":416,"households":374,"rented_households":100,"occupied_dwellings":371,"rented_pct":26.7,"source":"INDEC · Censo 2022"},"geometry":{"type":"Polygon","coordinates":[[[-60.68878300967055,-31.62211993029805],[-60.69090863024531,-31.62166654000265],[-60.69010864006061,-31.618947300050642],[-60.686936169566145,-31.61963628034592],[-60.68744481993453,-31.62144624966014],[-60.688518129730944,-31.621215010139235],[-60.68878300967055,-31.62211993029805]]]}},{"type":"Feature","id":"820631509","properties":{"radio":"820631509","population":672,"dwellings":295,"households":278,"rented_households":68,"occupied_dwellings":276,"rented_pct":24.5,"source":"INDEC · Censo 2022"},"geometry":{"type":"Polygon","coordinates":[[[-60.68742030041885,-31.622411360336443],[-60.68922550989806,-31.62495834992521],[-60.69173524020682,-31.624417199850587],[-60.69090863024531,-31.62166654000265],[-60.68742030041885,-31.622411360336443]]]}},{"type":"Feature","id":"820631510","properties":{"radio":"820631510","population":537,"dwellings":216,"households":215,"rented_households":15,"occupied_dwellings":215,"rented_pct":7.0,"source":"INDEC · Censo 2022"},"geometry":{"type":"Polygon","coordinates":[[[-60.69461689999267,-31.625709230282734],[-60.69615770024945,-31.62526795990981],[-60.69761935982804,-31.62552152013162],[-60.69788905024598,-31.622115580098132],[-60.697775619975076,-31.619627110029462],[-60.697419400235674,-31.61849725020937],[-60.69275138032024,-31.619311770079662],[-60.69328152018683,-31.621162179964017],[-60.69304478985496,-31.621217580354326],[-60.694104550361935,-31.624841740210847],[-60.69433078028647,-31.624790910054237],[-60.69461689999267,-31.625709230282734]]]}},{"type":"Feature","id":"820631511","properties":{"radio":"820631511","population":602,"dwellings":248,"households":237,"rented_households":84,"occupied_dwellings":234,"rented_pct":35.4,"source":"INDEC · Censo 2022"},"geometry":{"type":"Polygon","coordinates":[[[-60.694894330295114,-31.627583559645874],[-60.69546729015637,-31.629510379940456],[-60.69726580000019,-31.62899103021427],[-60.698063939655405,-31.6278954402668],[-60.697311499993646,-31.628052869806044],[-60.6970138998181,-31.627012860033997],[-60.694894330295114,-31.627583559645874]]]}},{"type":"Feature","id":"820631512","properties":{"radio":"820631512","population":836,"dwellings":354,"households":331,"rented_households":90,"occupied_dwellings":327,"rented_pct":27.2,"source":"INDEC · Censo 2022"},"geometry":{"type":"Polygon","coordinates":[[[-60.690998810320046,-31.627451389930727],[-60.69570279967778,-31.626456359620686],[-60.695400409685156,-31.625479509758257],[-60.69461689999267,-31.625709230282734],[-60.69433078028647,-31.624790910054237],[-60.691984249610314,-31.625308679973305],[-60.69173524020682,-31.624417199850587],[-60.68922550989806,-31.62495834992521],[-60.690998810320046,-31.627451389930727]]]}},{"type":"Feature","id":"820631513","properties":{"radio":"820631513","population":697,"dwellings":333,"households":298,"rented_households":74,"occupied_dwellings":295,"rented_pct":24.8,"source":"INDEC · Censo 2022"},"geometry":{"type":"Polygon","coordinates":[[[-60.69546729015637,-31.629510379940456],[-60.69464522028032,-31.626683070146402],[-60.690998810320046,-31.627451389930727],[-60.69217579019182,-31.629113420280923],[-60.69434499971909,-31.62954355034601],[-60.69546729015637,-31.629510379940456]]]}},{"type":"Feature","id":"820631514","properties":{"radio":"820631514","population":475,"dwellings":232,"households":206,"rented_households":52,"occupied_dwellings":203,"rented_pct":25.2,"source":"INDEC · Censo 2022"},"geometry":{"type":"Polygon","coordinates":[[[-60.695198100100015,-31.61598870037249],[-60.69241051009408,-31.61526432970801],[-60.69330217964174,-31.618262639790885],[-60.69503822962385,-31.61787443009126],[-60.694778629981464,-31.616978500000652],[-60.69545729011063,-31.61683050994985],[-60.695198100100015,-31.61598870037249]]]}},{"type":"Feature","id":"820631515","properties":{"radio":"820631515","population":378,"dwellings":224,"households":180,"rented_households":64,"occupied_dwellings":177,"rented_pct":35.6,"source":"INDEC · Censo 2022"},"geometry":{"type":"Polygon","coordinates":[[[-60.68612054959381,-31.616921600020387],[-60.68666595004047,-31.61871784969421],[-60.68877571984202,-31.618269090011363],[-60.68824598960718,-31.616459240205234],[-60.68612054959381,-31.616921600020387]]]}},{"type":"Feature","id":"820631516","properties":{"radio":"820631516","population":789,"dwellings":376,"households":340,"rented_households":128,"occupied_dwellings":336,"rented_pct":37.6,"source":"INDEC · Censo 2022"},"geometry":{"type":"Polygon","coordinates":[[[-60.69090863024531,-31.62166654000265],[-60.691984249610314,-31.625308679973305],[-60.694104550361935,-31.624841740210847],[-60.69304478985496,-31.621217580354326],[-60.69090863024531,-31.62166654000265]]]}},{"type":"Feature","id":"820631517","properties":{"radio":"820631517","population":546,"dwellings":213,"households":206,"rented_households":60,"occupied_dwellings":204,"rented_pct":29.1,"source":"INDEC · Censo 2022"},"geometry":{"type":"Polygon","coordinates":[[[-60.698063939655405,-31.6278954402668],[-60.69786738018639,-31.62627319985758],[-60.69761935982804,-31.62552152013162],[-60.697349390034006,-31.625360660273042],[-60.695557659775645,-31.62536591980024],[-60.695400409685156,-31.625479509758257],[-60.69570279967778,-31.626456359620686],[-60.69464522028032,-31.626683070146402],[-60.694894330295114,-31.627583559645874],[-60.6970138998181,-31.627012860033997],[-60.697311499993646,-31.628052869806044],[-60.698063939655405,-31.6278954402668]]]}},{"type":"Feature","id":"820631601","properties":{"radio":"820631601","population":846,"dwellings":399,"households":354,"rented_households":109,"occupied_dwellings":353,"rented_pct":30.8,"source":"INDEC · Censo 2022"},"geometry":{"type":"Polygon","coordinates":[[[-60.68166727015043,-31.614668279747075],[-60.68386878040035,-31.617407150092422],[-60.68612054959381,-31.616921600020387],[-60.68513696981619,-31.613572010131346],[-60.68340494967646,-31.61378421004878],[-60.68166727015043,-31.614668279747075]]]}},{"type":"Feature","id":"820631602","properties":{"radio":"820631602","population":914,"dwellings":408,"households":373,"rented_households":81,"occupied_dwellings":368,"rented_pct":21.7,"source":"INDEC · Censo 2022"},"geometry":{"type":"Polygon","coordinates":[[[-60.68122056041751,-31.61410700991556],[-60.67877411013231,-31.614625070310243],[-60.679754490110895,-31.61829036992207],[-60.68386878040035,-31.617407150092422],[-60.68122056041751,-31.61410700991556]]]}},{"type":"Feature","id":"820631603","properties":{"radio":"820631603","population":503,"dwellings":224,"households":203,"rented_households":21,"occupied_dwellings":202,"rented_pct":10.3,"source":"INDEC · Censo 2022"},"geometry":{"type":"Polygon","coordinates":[[[-60.67895511976374,-31.616333110310805],[-60.679263230228095,-31.617400159738924],[-60.675744189697014,-31.618262049999583],[-60.677352149801074,-31.61982275013599],[-60.677800760369124,-31.620645559639133],[-60.68004217019074,-31.620169189842123],[-60.67952299965206,-31.618341209749378],[-60.679754490110895,-31.61829036992207],[-60.67921881033393,-31.61636326984386],[-60.67895511976374,-31.616333110310805]]]}},{"type":"Feature","id":"820631604","properties":{"radio":"820631604","population":683,"dwellings":330,"households":292,"rented_households":74,"occupied_dwellings":290,"rented_pct":25.3,"source":"INDEC · Censo 2022"},"geometry":{"type":"Polygon","coordinates":[[[-60.68004217019074,-31.620169189842123],[-60.68454578044289,-31.6191891697593],[-60.68507182039853,-31.619064600263545],[-60.68386878040035,-31.617407150092422],[-60.67996487016054,-31.61823513990724],[-60.67952299965206,-31.618341209749378],[-60.68004217019074,-31.620169189842123]]]}},{"type":"Feature","id":"820631605","properties":{"radio":"820631605","population":664,"dwellings":307,"households":277,"rented_households":84,"occupied_dwellings":274,"rented_pct":30.3,"source":"INDEC · Censo 2022"},"geometry":{"type":"Polygon","coordinates":[[[-60.68004217019074,-31.620169189842123],[-60.680399820048066,-31.621524559910146],[-60.68606776997762,-31.620502210256763],[-60.68507182039853,-31.619064600263545],[-60.68004217019074,-31.620169189842123]]]}},{"type":"Feature","id":"820631606","properties":{"radio":"820631606","population":698,"dwellings":347,"households":309,"rented_households":79,"occupied_dwellings":302,"rented_pct":25.6,"source":"INDEC · Censo 2022"},"geometry":{"type":"Polygon","coordinates":[[[-60.681626860335676,-31.62575217985903],[-60.68004217019074,-31.620169189842123],[-60.677800760369124,-31.620645559639133],[-60.67819397003697,-31.62182038027407],[-60.67709895963825,-31.62197047974064],[-60.67657910009175,-31.622225760111874],[-60.67763010022808,-31.62472731036124],[-60.67774778042863,-31.62642216008586],[-60.681626860335676,-31.62575217985903]]]}},{"type":"Feature","id":"820631607","properties":{"radio":"820631607","population":521,"dwellings":232,"households":204,"rented_households":48,"occupied_dwellings":204,"rented_pct":23.5,"source":"INDEC · Censo 2022"},"geometry":{"type":"Polygon","coordinates":[[[-60.68685026008227,-31.621571199968727],[-60.681252069724415,-31.622773580136645],[-60.68151692001962,-31.62368303032126],[-60.68742030041885,-31.622411360336443],[-60.68685026008227,-31.621571199968727]]]}},{"type":"Feature","id":"820631608","properties":{"radio":"820631608","population":1266,"dwellings":430,"households":420,"rented_households":74,"occupied_dwellings":413,"rented_pct":17.6,"source":"INDEC · Censo 2022"},"geometry":{"type":"Polygon","coordinates":[[[-60.68559667008642,-31.62668237026285],[-60.68453708025935,-31.62304009971628],[-60.68100665987025,-31.62380751025794],[-60.681626860335676,-31.62575217985903],[-60.68197946974595,-31.625687170332366],[-60.682576229572334,-31.626581320029267],[-60.68462489956153,-31.62711595972145],[-60.68456011036828,-31.626904379938427],[-60.68559667008642,-31.62668237026285]]]}},{"type":"Feature","id":"820631609","properties":{"radio":"820631609","population":563,"dwellings":249,"households":223,"rented_households":41,"occupied_dwellings":222,"rented_pct":18.4,"source":"INDEC · Censo 2022"},"geometry":{"type":"Polygon","coordinates":[[[-60.68559667008642,-31.62668237026285],[-60.686654200076546,-31.626446720326545],[-60.68980593026775,-31.62577138974858],[-60.68889534040358,-31.624491179694097],[-60.685148109824034,-31.625160660334526],[-60.68559667008642,-31.62668237026285]]]}},{"type":"Feature","id":"820631610","properties":{"radio":"820631610","population":464,"dwellings":242,"households":197,"rented_households":58,"occupied_dwellings":195,"rented_pct":29.4,"source":"INDEC · Censo 2022"},"geometry":{"type":"Polygon","coordinates":[[[-60.68584578998271,-31.6275964098411],[-60.69200157990878,-31.629073780364024],[-60.69217579019182,-31.629113420280923],[-60.690402489769816,-31.626629420042857],[-60.68584578998271,-31.6275964098411]]]}},{"type":"Feature","id":"820631611","properties":{"radio":"820631611","population":660,"dwellings":307,"households":266,"rented_households":60,"occupied_dwellings":264,"rented_pct":22.6,"source":"INDEC · Censo 2022"},"geometry":{"type":"Polygon","coordinates":[[[-60.68151692001962,-31.62368303032126],[-60.681252069724415,-31.622773580136645],[-60.68685026008227,-31.621571199968727],[-60.68606776997762,-31.620502210256763],[-60.680399820048066,-31.621524559910146],[-60.68100665987025,-31.62380751025794],[-60.68151692001962,-31.62368303032126]]]}},{"type":"Feature","id":"820631612","properties":{"radio":"820631612","population":787,"dwellings":318,"households":282,"rented_households":55,"occupied_dwellings":278,"rented_pct":19.5,"source":"INDEC · Censo 2022"},"geometry":{"type":"Polygon","coordinates":[[[-60.68889534040358,-31.624491179694097],[-60.68742030041885,-31.622411360336443],[-60.68453708025935,-31.62304009971628],[-60.685148109824034,-31.625160660334526],[-60.68889534040358,-31.624491179694097]]]}},{"type":"Feature","id":"820631613","properties":{"radio":"820631613","population":533,"dwellings":249,"households":228,"rented_households":61,"occupied_dwellings":228,"rented_pct":26.8,"source":"INDEC · Censo 2022"},"geometry":{"type":"Polygon","coordinates":[[[-60.67921881033393,-31.61636326984386],[-60.67877411013231,-31.614625070310243],[-60.67297111017788,-31.615882289724155],[-60.67173081973983,-31.61633975038133],[-60.67224635030496,-31.616950289836105],[-60.67402574040628,-31.61818095021874],[-60.67529367020898,-31.61936017983537],[-60.67579911988001,-31.62002937993649],[-60.67657910009175,-31.622225760111874],[-60.67709895963825,-31.62197047974064],[-60.67819397003697,-31.62182038027407],[-60.677352149801074,-31.61982275013599],[-60.675744189697014,-31.618262049999583],[-60.679263230228095,-31.617400159738924],[-60.67895511976374,-31.616333110310805],[-60.67921881033393,-31.61636326984386]]]}},{"type":"Feature","id":"820631614","properties":{"radio":"820631614","population":447,"dwellings":206,"households":188,"rented_households":37,"occupied_dwellings":187,"rented_pct":19.7,"source":"INDEC · Censo 2022"},"geometry":{"type":"Polygon","coordinates":[[[-60.68456011036828,-31.626904379938427],[-60.684673749946676,-31.62730959994542],[-60.68584578998271,-31.6275964098411],[-60.690402489769816,-31.626629420042857],[-60.68980593026775,-31.62577138974858],[-60.68456011036828,-31.626904379938427]]]}},{"type":"Feature","id":"820631701","properties":{"radio":"820631701","population":360,"dwellings":190,"households":157,"rented_households":50,"occupied_dwellings":156,"rented_pct":31.8,"source":"INDEC · Censo 2022"},"geometry":{"type":"Polygon","coordinates":[[[-60.689552490373266,-31.628563960192345],[-60.690136280323586,-31.630544860094624],[-60.69277770005974,-31.629975930208275],[-60.69217579019182,-31.629113420280923],[-60.689552490373266,-31.628563960192345]]]}},{"type":"Feature","id":"820631702","properties":{"radio":"820631702","population":645,"dwellings":296,"households":243,"rented_households":63,"occupied_dwellings":241,"rented_pct":25.9,"source":"INDEC · Censo 2022"},"geometry":{"type":"Polygon","coordinates":[[[-60.684673749946676,-31.62730959994542],[-60.68559865985477,-31.63054676002742],[-60.687724450211114,-31.630088920232133],[-60.68707578033772,-31.627878390100875],[-60.684673749946676,-31.62730959994542]]]}},{"type":"Feature","id":"820631703","properties":{"radio":"820631703","population":794,"dwellings":260,"households":254,"rented_households":36,"occupied_dwellings":252,"rented_pct":14.2,"source":"INDEC · Censo 2022"},"geometry":{"type":"Polygon","coordinates":[[[-60.681626860335676,-31.62575217985903],[-60.68564648975377,-31.639222240052245],[-60.68800407958938,-31.638722560172045],[-60.68462489956153,-31.62711595972145],[-60.68272441027172,-31.626666200274702],[-60.68216212958256,-31.626164169698274],[-60.68197946974595,-31.625687170332366],[-60.681626860335676,-31.62575217985903]]]}},{"type":"Feature","id":"820631704","properties":{"radio":"820631704","population":448,"dwellings":223,"households":189,"rented_households":44,"occupied_dwellings":189,"rented_pct":23.3,"source":"INDEC · Censo 2022"},"geometry":{"type":"Polygon","coordinates":[[[-60.67768815026006,-31.629826939721067],[-60.67842059971181,-31.62981403017375],[-60.67864432962489,-31.630142009984347],[-60.682732810417946,-31.629258960012724],[-60.681626860335676,-31.62575217985903],[-60.67774778042863,-31.62642216008586],[-60.67809126026066,-31.627277090377632],[-60.67756016009501,-31.629620190175913],[-60.67768815026006,-31.629826939721067]]]}},{"type":"Feature","id":"820631705","properties":{"radio":"820631705","population":899,"dwellings":399,"households":372,"rented_households":92,"occupied_dwellings":369,"rented_pct":24.7,"source":"INDEC · Censo 2022"},"geometry":{"type":"Polygon","coordinates":[[[-60.679207130438606,-31.632889639798087],[-60.679869879607445,-31.63271026035468],[-60.679992799681045,-31.632944080204044],[-60.68357641021641,-31.632194449884864],[-60.682732810417946,-31.629258960012724],[-60.67864432962489,-31.630142009984347],[-60.67842059971181,-31.62981403017375],[-60.67768815026006,-31.629826939721067],[-60.67759698024188,-31.630336960250897],[-60.677703230278745,-31.630453640329378],[-60.67788140033555,-31.630312909675943],[-60.679207130438606,-31.632889639798087]]]}},{"type":"Feature","id":"820631706","properties":{"radio":"820631706","population":783,"dwellings":375,"households":322,"rented_households":63,"occupied_dwellings":321,"rented_pct":19.6,"source":"INDEC · Censo 2022"},"geometry":{"type":"Polygon","coordinates":[[[-60.68100407002729,-31.63647392006623],[-60.68164551025928,-31.63625855964139],[-60.68154359998356,-31.63601561001618],[-60.684506119823084,-31.63536395993348],[-60.68357641021641,-31.632194449884864],[-60.679992799681045,-31.632944080204044],[-60.679869879607445,-31.63271026035468],[-60.679207130438606,-31.632889639798087],[-60.68100407002729,-31.63647392006623]]]}},{"type":"Feature","id":"820631707","properties":{"radio":"820631707","population":709,"dwellings":329,"households":324,"rented_households":151,"occupied_dwellings":319,"rented_pct":46.6,"source":"INDEC · Censo 2022"},"geometry":{"type":"Polygon","coordinates":[[[-60.68693918970214,-31.635107400103436],[-60.690128059840404,-31.634427339933897],[-60.689577159907586,-31.632622129652407],[-60.68640402016825,-31.633284040230876],[-60.68693918970214,-31.635107400103436]]]}},{"type":"Feature","id":"820631708","properties":{"radio":"820631708","population":783,"dwellings":367,"households":325,"rented_households":67,"occupied_dwellings":325,"rented_pct":20.6,"source":"INDEC · Censo 2022"},"geometry":{"type":"Polygon","coordinates":[[[-60.6885300000691,-31.632844219994148],[-60.69277640019753,-31.631932929628707],[-60.69387088957338,-31.631701530310103],[-60.693730390368,-31.631233330016002],[-60.69277770005974,-31.629975930208275],[-60.68800525997568,-31.631007289892278],[-60.6885300000691,-31.632844219994148]]]}},{"type":"Feature","id":"820631709","properties":{"radio":"820631709","population":690,"dwellings":385,"households":308,"rented_households":87,"occupied_dwellings":307,"rented_pct":28.2,"source":"INDEC · Censo 2022"},"geometry":{"type":"Polygon","coordinates":[[[-60.690128059840404,-31.634427339933897],[-60.69440078958981,-31.633506840296995],[-60.69387088957338,-31.631701530310103],[-60.689577159907586,-31.632622129652407],[-60.690128059840404,-31.634427339933897]]]}},{"type":"Feature","id":"820631710","properties":{"radio":"820631710","population":792,"dwellings":323,"households":311,"rented_households":95,"occupied_dwellings":308,"rented_pct":30.5,"source":"INDEC · Censo 2022"},"geometry":{"type":"Polygon","coordinates":[[[-60.69440078958981,-31.633506840296995],[-60.69652659970909,-31.6330488498642],[-60.69546729015637,-31.629510379940456],[-60.69434499971909,-31.62954355034601],[-60.69217579019182,-31.629113420280923],[-60.693730390368,-31.631233330016002],[-60.69440078958981,-31.633506840296995]]]}},{"type":"Feature","id":"820631711","properties":{"radio":"820631711","population":779,"dwellings":410,"households":340,"rented_households":114,"occupied_dwellings":339,"rented_pct":33.5,"source":"INDEC · Censo 2022"},"geometry":{"type":"Polygon","coordinates":[[[-60.69757897965769,-31.632822150262925],[-60.69730340976619,-31.63191280012358],[-60.699629120189,-31.631413080205874],[-60.69897235020669,-31.630271339736975],[-60.69839297008609,-31.629611650336336],[-60.69748398012145,-31.629273920276944],[-60.69680370032983,-31.62921450983258],[-60.69546729015637,-31.629510379940456],[-60.69652659970909,-31.6330488498642],[-60.69757897965769,-31.632822150262925]]]}},{"type":"Feature","id":"820631712","properties":{"radio":"820631712","population":347,"dwellings":256,"households":191,"rented_households":111,"occupied_dwellings":188,"rented_pct":58.1,"source":"INDEC · Censo 2022"},"geometry":{"type":"Polygon","coordinates":[[[-60.701064840015434,-31.635923429643363],[-60.700217130424534,-31.633222560379178],[-60.69784937974474,-31.63374506975245],[-60.69863905008345,-31.636446270306738],[-60.701064840015434,-31.635923429643363]]]}},{"type":"Feature","id":"820631713","properties":{"radio":"820631713","population":386,"dwellings":273,"households":194,"rented_households":64,"occupied_dwellings":192,"rented_pct":33.0,"source":"INDEC · Censo 2022"},"geometry":{"type":"Polygon","coordinates":[[[-60.69598304979191,-31.635076449691923],[-60.69650800009113,-31.636917860027815],[-60.69863905008345,-31.636446270306738],[-60.69811438994007,-31.63464996976253],[-60.69598304979191,-31.635076449691923]]]}},{"type":"Feature","id":"820631714","properties":{"radio":"820631714","population":394,"dwellings":210,"households":180,"rented_households":79,"occupied_dwellings":180,"rented_pct":43.9,"source":"INDEC · Censo 2022"},"geometry":{"type":"Polygon","coordinates":[[[-60.69386256039409,-31.635547930105346],[-60.69436612989121,-31.637353390289118],[-60.69650800009113,-31.636917860027815],[-60.69598304979191,-31.635076449691923],[-60.69386256039409,-31.635547930105346]]]}},{"type":"Feature","id":"820631715","properties":{"radio":"820631715","population":556,"dwellings":277,"households":239,"rented_households":71,"occupied_dwellings":239,"rented_pct":29.7,"source":"INDEC · Censo 2022"},"geometry":{"type":"Polygon","coordinates":[[[-60.689530740363615,-31.62847390034543],[-60.68707578033772,-31.627878390100875],[-60.68800525997568,-31.631007289892278],[-60.690136280323586,-31.630544860094624],[-60.689530740363615,-31.62847390034543]]]}},{"type":"Feature","id":"820631716","properties":{"radio":"820631716","population":628,"dwellings":316,"households":275,"rented_households":69,"occupied_dwellings":273,"rented_pct":25.1,"source":"INDEC · Censo 2022"},"geometry":{"type":"Polygon","coordinates":[[[-60.6885300000691,-31.632844219994148],[-60.687724450211114,-31.630088920232133],[-60.68559865985477,-31.63054676002742],[-60.68640402016825,-31.633284040230876],[-60.6885300000691,-31.632844219994148]]]}},{"type":"Feature","id":"820631717","properties":{"radio":"820631717","population":341,"dwellings":230,"households":173,"rented_households":82,"occupied_dwellings":171,"rented_pct":47.4,"source":"INDEC · Censo 2022"},"geometry":{"type":"Polygon","coordinates":[[[-60.69730340976619,-31.63191280012358],[-60.69784937974474,-31.63374506975245],[-60.700217130424534,-31.633222560379178],[-60.699629120189,-31.631413080205874],[-60.69730340976619,-31.63191280012358]]]}},{"type":"Feature","id":"820631718","properties":{"radio":"820631718","population":389,"dwellings":218,"households":173,"rented_households":73,"occupied_dwellings":169,"rented_pct":42.2,"source":"INDEC · Censo 2022"},"geometry":{"type":"Polygon","coordinates":[[[-60.69757897965769,-31.632822150262925],[-60.69545318031822,-31.633280160168272],[-60.69598304979191,-31.635076449691923],[-60.69811438994007,-31.63464996976253],[-60.69757897965769,-31.632822150262925]]]}},{"type":"Feature","id":"820631719","properties":{"radio":"820631719","population":400,"dwellings":237,"households":177,"rented_households":69,"occupied_dwellings":176,"rented_pct":39.0,"source":"INDEC · Censo 2022"},"geometry":{"type":"Polygon","coordinates":[[[-60.69332208002023,-31.633738170112846],[-60.69386256039409,-31.635547930105346],[-60.69598304979191,-31.635076449691923],[-60.69545318031822,-31.633280160168272],[-60.69332208002023,-31.633738170112846]]]}},{"type":"Feature","id":"820631801","properties":{"radio":"820631801","population":453,"dwellings":286,"households":230,"rented_households":109,"occupied_dwellings":228,"rented_pct":47.4,"source":"INDEC · Censo 2022"},"geometry":{"type":"Polygon","coordinates":[[[-60.7024232795746,-31.632939890363602],[-60.70776917000006,-31.631783070337764],[-60.707417430159,-31.630572039684896],[-60.70363211999455,-31.63179690967912],[-60.70216351015063,-31.63203496989182],[-60.7024232795746,-31.632939890363602]]]}},{"type":"Feature","id":"820631802","properties":{"radio":"820631802","population":670,"dwellings":342,"households":309,"rented_households":180,"occupied_dwellings":298,"rented_pct":58.3,"source":"INDEC · Censo 2022"},"geometry":{"type":"Polygon","coordinates":[[[-60.7024232795746,-31.632939890363602],[-60.70280722042535,-31.634236429700895],[-60.70663233044846,-31.633381109814223],[-60.70625388010071,-31.632120629902904],[-60.7024232795746,-31.632939890363602]]]}},{"type":"Feature","id":"820631803","properties":{"radio":"820631803","population":788,"dwellings":377,"households":365,"rented_households":194,"occupied_dwellings":350,"rented_pct":53.2,"source":"INDEC · Censo 2022"},"geometry":{"type":"Polygon","coordinates":[[[-60.70068686038492,-31.634717040372056],[-60.70111365985786,-31.63610803962983],[-60.705886210434706,-31.635076189649396],[-60.7054537300159,-31.633640150202474],[-60.70068686038492,-31.634717040372056]]]}},{"type":"Feature","id":"820631804","properties":{"radio":"820631804","population":316,"dwellings":259,"households":182,"rented_households":111,"occupied_dwellings":177,"rented_pct":61.0,"source":"INDEC · Censo 2022"},"geometry":{"type":"Polygon","coordinates":[[[-60.70111365985786,-31.63610803962983],[-60.70178904023793,-31.638313839661574],[-60.70322028016603,-31.63799934009236],[-60.702901419562664,-31.636950450356007],[-60.70359072023636,-31.636797849632792],[-60.70324472961312,-31.635645399624618],[-60.70111365985786,-31.63610803962983]]]}},{"type":"Feature","id":"820631805","properties":{"radio":"820631805","population":196,"dwellings":147,"households":106,"rented_households":53,"occupied_dwellings":105,"rented_pct":50.0,"source":"INDEC · Censo 2022"},"geometry":{"type":"Polygon","coordinates":[[[-60.70774020023047,-31.6370048899147],[-60.70389906965259,-31.63785131005454],[-60.70424953029271,-31.63889550982152],[-60.70806953968162,-31.638040180011135],[-60.70774020023047,-31.6370048899147]]]}},{"type":"Feature","id":"820631806","properties":{"radio":"820631806","population":408,"dwellings":307,"households":210,"rented_households":92,"occupied_dwellings":207,"rented_pct":43.8,"source":"INDEC · Censo 2022"},"geometry":{"type":"Polygon","coordinates":[[[-60.70621106998754,-31.636219729656236],[-60.706524759888126,-31.637277660075036],[-60.71048153957567,-31.63639895013199],[-60.71017838960832,-31.63534549008456],[-60.70621106998754,-31.636219729656236]]]}},{"type":"Feature","id":"820631807","properties":{"radio":"820631807","population":628,"dwellings":363,"households":324,"rented_households":188,"occupied_dwellings":313,"rented_pct":58.0,"source":"INDEC · Censo 2022"},"geometry":{"type":"Polygon","coordinates":[[[-60.70877789002923,-31.640399069983538],[-60.7091185204052,-31.641528990378767],[-60.711787300129956,-31.641067720298928],[-60.71141428997957,-31.63984329972943],[-60.70877789002923,-31.640399069983538]]]}},{"type":"Feature","id":"820631808","properties":{"radio":"820631808","population":309,"dwellings":207,"households":160,"rented_households":83,"occupied_dwellings":158,"rented_pct":51.9,"source":"INDEC · Censo 2022"},"geometry":{"type":"Polygon","coordinates":[[[-60.70639932992164,-31.640903760126513],[-60.70671290034627,-31.641943649762638],[-60.7091185204052,-31.641528990378767],[-60.70877789002923,-31.640399069983538],[-60.70639932992164,-31.640903760126513]]]}},{"type":"Feature","id":"820631809","properties":{"radio":"820631809","population":609,"dwellings":381,"households":303,"rented_households":161,"occupied_dwellings":297,"rented_pct":53.1,"source":"INDEC · Censo 2022"},"geometry":{"type":"Polygon","coordinates":[[[-60.70457602028776,-31.642352270193843],[-60.70671290034627,-31.641943649762638],[-60.70604798983085,-31.639746830369877],[-60.7046219601314,-31.640056830122802],[-60.70496275040747,-31.641213810321872],[-60.70426288015613,-31.641366480276485],[-60.70457602028776,-31.642352270193843]]]}},{"type":"Feature","id":"820631810","properties":{"radio":"820631810","population":318,"dwellings":207,"households":179,"rented_households":111,"occupied_dwellings":175,"rented_pct":62.0,"source":"INDEC · Censo 2022"},"geometry":{"type":"Polygon","coordinates":[[[-60.70311871035179,-31.642712020153084],[-60.702118659963446,-31.639394239661144],[-60.699650759705875,-31.639935369910845],[-60.700724339895196,-31.643230220299024],[-60.70311871035179,-31.642712020153084]]]}},{"type":"Feature","id":"820631811","properties":{"radio":"820631811","population":395,"dwellings":238,"households":201,"rented_households":116,"occupied_dwellings":191,"rented_pct":57.7,"source":"INDEC · Censo 2022"},"geometry":{"type":"Polygon","coordinates":[[[-60.70359072023636,-31.636797849632792],[-60.70389906965259,-31.63785131005454],[-60.706524759888126,-31.637277660075036],[-60.70621106998754,-31.636219729656236],[-60.70359072023636,-31.636797849632792]]]}},{"type":"Feature","id":"820631812","properties":{"radio":"820631812","population":798,"dwellings":367,"households":339,"rented_households":188,"occupied_dwellings":327,"rented_pct":55.5,"source":"INDEC · Censo 2022"},"geometry":{"type":"Polygon","coordinates":[[[-60.705886210434706,-31.635076189649396],[-60.70621106998754,-31.636219729656236],[-60.71017838960832,-31.63534549008456],[-60.70989581016265,-31.634224270306806],[-60.705886210434706,-31.635076189649396]]]}},{"type":"Feature","id":"820631813","properties":{"radio":"820631813","population":385,"dwellings":318,"households":206,"rented_households":83,"occupied_dwellings":204,"rented_pct":40.3,"source":"INDEC · Censo 2022"},"geometry":{"type":"Polygon","coordinates":[[[-60.70604798983085,-31.639746830369877],[-60.70569664974008,-31.638589909927767],[-60.70354984958589,-31.63907071989272],[-60.70426288015613,-31.641366480276485],[-60.70496275040747,-31.641213810321872],[-60.7046219601314,-31.640056830122802],[-60.70604798983085,-31.639746830369877]]]}},{"type":"Feature","id":"820631814","properties":{"radio":"820631814","population":474,"dwellings":285,"households":231,"rented_households":126,"occupied_dwellings":226,"rented_pct":54.5,"source":"INDEC · Censo 2022"},"geometry":{"type":"Polygon","coordinates":[[[-60.70216351015063,-31.63203496989182],[-60.70074018977007,-31.631988680028826],[-60.69958057972262,-31.63126454022986],[-60.70068686038492,-31.634717040372056],[-60.70280722042535,-31.634236429700895],[-60.70216351015063,-31.63203496989182]]]}},{"type":"Feature","id":"820631815","properties":{"radio":"820631815","population":571,"dwellings":325,"households":263,"rented_households":138,"occupied_dwellings":259,"rented_pct":52.5,"source":"INDEC · Censo 2022"},"geometry":{"type":"Polygon","coordinates":[[[-60.70989581016265,-31.634224270306806],[-60.70911080028363,-31.631482519628133],[-60.70625388010071,-31.632120629902904],[-60.70663233044846,-31.633381109814223],[-60.70881070997814,-31.63291361016256],[-60.70919449991192,-31.634178559751174],[-60.708510469654,-31.634326659881324],[-60.70856454014925,-31.634506719970506],[-60.70989581016265,-31.634224270306806]]]}},{"type":"Feature","id":"820631816","properties":{"radio":"820631816","population":605,"dwellings":304,"households":278,"rented_households":154,"occupied_dwellings":270,"rented_pct":55.4,"source":"INDEC · Censo 2022"},"geometry":{"type":"Polygon","coordinates":[[[-60.70856454014925,-31.634506719970506],[-60.708510469654,-31.634326659881324],[-60.70919449991192,-31.634178559751174],[-60.70881070997814,-31.63291361016256],[-60.7054537300159,-31.633640150202474],[-60.705886210434706,-31.635076189649396],[-60.70856454014925,-31.634506719970506]]]}},{"type":"Feature","id":"820631817","properties":{"radio":"820631817","population":256,"dwellings":140,"households":134,"rented_households":62,"occupied_dwellings":133,"rented_pct":46.3,"source":"INDEC · Censo 2022"},"geometry":{"type":"Polygon","coordinates":[[[-60.701039970156785,-31.639634649758136],[-60.70424953029271,-31.63889550982152],[-60.70359072023636,-31.636797849632792],[-60.702901419562664,-31.636950450356007],[-60.70322028016603,-31.63799934009236],[-60.70064718000217,-31.638563609908754],[-60.701039970156785,-31.639634649758136]]]}},{"type":"Feature","id":"820631818","properties":{"radio":"820631818","population":515,"dwellings":280,"households":246,"rented_households":111,"occupied_dwellings":240,"rented_pct":45.1,"source":"INDEC · Censo 2022"},"geometry":{"type":"Polygon","coordinates":[[[-60.70806953968162,-31.638040180011135],[-60.71076351984505,-31.63743901022067],[-60.71048153957567,-31.63639895013199],[-60.70774020023047,-31.6370048899147],[-60.70806953968162,-31.638040180011135]]]}},{"type":"Feature","id":"820631819","properties":{"radio":"820631819","population":477,"dwellings":264,"households":223,"rented_households":94,"occupied_dwellings":218,"rented_pct":42.2,"source":"INDEC · Censo 2022"},"geometry":{"type":"Polygon","coordinates":[[[-60.70806953968162,-31.638040180011135],[-60.70842624001968,-31.63920607989194],[-60.71107792031302,-31.638582599948844],[-60.71076351984505,-31.63743901022067],[-60.70806953968162,-31.638040180011135]]]}},{"type":"Feature","id":"820631820","properties":{"radio":"820631820","population":356,"dwellings":270,"households":195,"rented_households":104,"occupied_dwellings":193,"rented_pct":53.3,"source":"INDEC · Censo 2022"},"geometry":{"type":"Polygon","coordinates":[[[-60.70842624001968,-31.63920607989194],[-60.70877789002923,-31.640399069983538],[-60.71141428997957,-31.63984329972943],[-60.71107792031302,-31.638582599948844],[-60.70842624001968,-31.63920607989194]]]}},{"type":"Feature","id":"820631821","properties":{"radio":"820631821","population":221,"dwellings":167,"households":119,"rented_households":63,"occupied_dwellings":115,"rented_pct":52.9,"source":"INDEC · Censo 2022"},"geometry":{"type":"Polygon","coordinates":[[[-60.70569664974008,-31.638589909927767],[-60.70604798983085,-31.639746830369877],[-60.70842624001968,-31.63920607989194],[-60.70806953968162,-31.638040180011135],[-60.70569664974008,-31.638589909927767]]]}},{"type":"Feature","id":"820631822","properties":{"radio":"820631822","population":354,"dwellings":213,"households":184,"rented_households":96,"occupied_dwellings":178,"rented_pct":52.2,"source":"INDEC · Censo 2022"},"geometry":{"type":"Polygon","coordinates":[[[-60.70877789002923,-31.640399069983538],[-60.70842624001968,-31.63920607989194],[-60.70604798983085,-31.639746830369877],[-60.70639932992164,-31.640903760126513],[-60.70877789002923,-31.640399069983538]]]}},{"type":"Feature","id":"820631823","properties":{"radio":"820631823","population":504,"dwellings":366,"households":284,"rented_households":177,"occupied_dwellings":276,"rented_pct":62.3,"source":"INDEC · Censo 2022"},"geometry":{"type":"Polygon","coordinates":[[[-60.70311871035179,-31.642712020153084],[-60.70457602028776,-31.642352270193843],[-60.70354984958589,-31.63907071989272],[-60.702118659963446,-31.639394239661144],[-60.70311871035179,-31.642712020153084]]]}},{"type":"Feature","id":"820631824","properties":{"radio":"820631824","population":415,"dwellings":307,"households":224,"rented_households":142,"occupied_dwellings":220,"rented_pct":63.4,"source":"INDEC · Censo 2022"},"geometry":{"type":"Polygon","coordinates":[[[-60.70621106998754,-31.636219729656236],[-60.705886210434706,-31.635076189649396],[-60.70324472961312,-31.635645399624618],[-60.70359072023636,-31.636797849632792],[-60.70621106998754,-31.636219729656236]]]}},{"type":"Feature","id":"820631901","properties":{"radio":"820631901","population":814,"dwellings":342,"households":290,"rented_households":39,"occupied_dwellings":282,"rented_pct":13.4,"source":"INDEC · Censo 2022"},"geometry":{"type":"Polygon","coordinates":[[[-60.71865253994155,-31.625652880255608],[-60.71874585962821,-31.62545395028961],[-60.720589760445,-31.625380430158074],[-60.7204490303726,-31.622847050312664],[-60.71776307036803,-31.62305606992301],[-60.717786410395746,-31.624724350135878],[-60.71577544988554,-31.625001680010314],[-60.71587856031048,-31.626078800220515],[-60.71865253994155,-31.625652880255608]]]}},{"type":"Feature","id":"820631902","properties":{"radio":"820631902","population":644,"dwellings":271,"households":258,"rented_households":49,"occupied_dwellings":257,"rented_pct":19.0,"source":"INDEC · Censo 2022"},"geometry":{"type":"Polygon","coordinates":[[[-60.71347289982738,-31.62367081982759],[-60.71352927989124,-31.62484289982223],[-60.715726049731444,-31.626120239704413],[-60.71587856031048,-31.626078800220515],[-60.71577544988554,-31.625001680010314],[-60.717786410395746,-31.624724350135878],[-60.71776307036803,-31.62305606992301],[-60.71347289982738,-31.62367081982759]]]}},{"type":"Feature","id":"820631903","properties":{"radio":"820631903","population":588,"dwellings":226,"households":219,"rented_households":53,"occupied_dwellings":216,"rented_pct":24.2,"source":"INDEC · Censo 2022"},"geometry":{"type":"Polygon","coordinates":[[[-60.708071220429524,-31.62573905021774],[-60.70995995975541,-31.62532272986354],[-60.710030209807265,-31.6255523100318],[-60.71138755971,-31.625251659640824],[-60.71112248034438,-31.624351289846196],[-60.71236942011216,-31.624087319680587],[-60.70978217956742,-31.622730919859755],[-60.708071220429524,-31.62573905021774]]]}},{"type":"Feature","id":"820631904","properties":{"radio":"820631904","population":523,"dwellings":211,"households":211,"rented_households":60,"occupied_dwellings":210,"rented_pct":28.4,"source":"INDEC · Censo 2022"},"geometry":{"type":"Polygon","coordinates":[[[-60.706802020408986,-31.627942070247922],[-60.712537179593156,-31.626737800257164],[-60.712872599740464,-31.627876760119833],[-60.71373488988675,-31.627614910294664],[-60.71353571991352,-31.624996180279545],[-60.713308190126796,-31.62487570014334],[-60.712634639614954,-31.625005720285206],[-60.71286302010627,-31.625928829766252],[-60.71030047963859,-31.626443630122502],[-60.710246310328635,-31.62625004010958],[-60.70745268993221,-31.626874290367784],[-60.706802020408986,-31.627942070247922]]]}},{"type":"Feature","id":"820631905","properties":{"radio":"820631905","population":632,"dwellings":284,"households":260,"rented_households":89,"occupied_dwellings":257,"rented_pct":34.2,"source":"INDEC · Censo 2022"},"geometry":{"type":"Polygon","coordinates":[[[-60.70611474992783,-31.62905062972687],[-60.71142894958671,-31.627920879741882],[-60.71153708967892,-31.62828100983934],[-60.712872599740464,-31.627876760119833],[-60.712537179593156,-31.626737800257164],[-60.706802020408986,-31.627942070247922],[-60.70611474992783,-31.62905062972687]]]}},{"type":"Feature","id":"820631906","properties":{"radio":"820631906","population":406,"dwellings":233,"households":194,"rented_households":97,"occupied_dwellings":194,"rented_pct":50.0,"source":"INDEC · Censo 2022"},"geometry":{"type":"Polygon","coordinates":[[[-60.712393830033385,-31.62867305025969],[-60.70566433015279,-31.630121799780103],[-60.7049883901223,-31.631338510039292],[-60.70940488984303,-31.629956780082093],[-60.71124755008643,-31.629707539725338],[-60.71115022032035,-31.629383420251152],[-60.71250748039156,-31.629064720355572],[-60.712393830033385,-31.62867305025969]]]}},{"type":"Feature","id":"820631907","properties":{"radio":"820631907","population":629,"dwellings":259,"households":242,"rented_households":61,"occupied_dwellings":242,"rented_pct":25.2,"source":"INDEC · Censo 2022"},"geometry":{"type":"Polygon","coordinates":[[[-60.71764376960671,-31.62879695980163],[-60.7177746999577,-31.62731720988425],[-60.71352927989124,-31.62484289982223],[-60.713742839977016,-31.627966590313125],[-60.71515393967644,-31.627800869976397],[-60.71517454972402,-31.62911743972548],[-60.71764376960671,-31.62879695980163]]]}},{"type":"Feature","id":"820631908","properties":{"radio":"820631908","population":560,"dwellings":171,"households":176,"rented_households":7,"occupied_dwellings":171,"rented_pct":4.0,"source":"INDEC · Censo 2022"},"geometry":{"type":"Polygon","coordinates":[[[-60.72145687005279,-31.62574980023118],[-60.72251341998095,-31.626082009761824],[-60.72280751043866,-31.62594958014015],[-60.722496040275146,-31.625879200342077],[-60.72227300026819,-31.62361232983487],[-60.721904339760435,-31.62364146965862],[-60.7218926302207,-31.622807329702784],[-60.7204490303726,-31.622847050312664],[-60.720589760445,-31.625380430158074],[-60.71874585962821,-31.62545395028961],[-60.718757889866474,-31.625647779845572],[-60.72145687005279,-31.62574980023118]]]}},{"type":"Feature","id":"820631909","properties":{"radio":"820631909","population":534,"dwellings":215,"households":198,"rented_households":24,"occupied_dwellings":188,"rented_pct":12.1,"source":"INDEC · Censo 2022"},"geometry":{"type":"Polygon","coordinates":[[[-60.72016349007976,-31.628877469784694],[-60.720065749783586,-31.62850375993319],[-60.71864316961483,-31.627862449787713],[-60.71865253994155,-31.625652880255608],[-60.715726049731444,-31.626120239704413],[-60.7177746999577,-31.62731720988425],[-60.71764376960671,-31.62879695980163],[-60.71847564010252,-31.628693080266167],[-60.71818091004433,-31.62942973971107],[-60.71978645996848,-31.62987613029635],[-60.72016349007976,-31.628877469784694]]]}},{"type":"Feature","id":"820631910","properties":{"radio":"820631910","population":458,"dwellings":171,"households":170,"rented_households":19,"occupied_dwellings":168,"rented_pct":11.2,"source":"INDEC · Censo 2022"},"geometry":{"type":"Polygon","coordinates":[[[-60.72016349007976,-31.628877469784694],[-60.719331870213914,-31.631069119986172],[-60.72238263964862,-31.633026930091734],[-60.72274805993315,-31.632573940190284],[-60.72373297011572,-31.63317258990022],[-60.72405633038034,-31.632733370308816],[-60.722504670390066,-31.63176817013599],[-60.72087580020115,-31.63103786993385],[-60.72147653956426,-31.629663680243436],[-60.72016349007976,-31.628877469784694]]]}},{"type":"Feature","id":"820631911","properties":{"radio":"820631911","population":418,"dwellings":255,"households":166,"rented_households":8,"occupied_dwellings":161,"rented_pct":4.8,"source":"INDEC · Censo 2022"},"geometry":{"type":"Polygon","coordinates":[[[-60.72238263964862,-31.633026930091734],[-60.72730170993988,-31.635975069783996],[-60.72657500970597,-31.634022219767676],[-60.725806410250556,-31.632777539637274],[-60.72486046988334,-31.631768339934514],[-60.72433805013827,-31.632362010280335],[-60.72185033035059,-31.630978250278208],[-60.7216264998262,-31.631340250099754],[-60.72405633038034,-31.632733370308816],[-60.72373297011572,-31.63317258990022],[-60.72274805993315,-31.632573940190284],[-60.72238263964862,-31.633026930091734]]]}},{"type":"Feature","id":"820631912","properties":{"radio":"820631912","population":777,"dwellings":361,"households":339,"rented_households":135,"occupied_dwellings":334,"rented_pct":39.8,"source":"INDEC · Censo 2022"},"geometry":{"type":"Polygon","coordinates":[[[-60.70499780985639,-31.631189650231445],[-60.70566433015279,-31.630121799780103],[-60.71275159038349,-31.62859440029839],[-60.71375235044092,-31.6285211702453],[-60.71373488988675,-31.627614910294664],[-60.71153708967892,-31.62828100983934],[-60.71142894958671,-31.627920879741882],[-60.70611474992783,-31.62905062972687],[-60.70501629987987,-31.630846850251867],[-60.70499780985639,-31.631189650231445]]]}},{"type":"Feature","id":"820631913","properties":{"radio":"820631913","population":565,"dwellings":269,"households":230,"rented_households":21,"occupied_dwellings":228,"rented_pct":9.1,"source":"INDEC · Censo 2022"},"geometry":{"type":"Polygon","coordinates":[[[-60.7420708702036,-31.636800940257665],[-60.74115305968118,-31.63604420981393],[-60.74088490987392,-31.635459580291794],[-60.74079360960001,-31.63458081034005],[-60.741059270175626,-31.63152655034602],[-60.74088308988715,-31.630576130199167],[-60.740154769990774,-31.629114869728607],[-60.739931459590935,-31.626203220349094],[-60.73935178033135,-31.624871860270517],[-60.731585000283765,-31.627689749628523],[-60.72906478034743,-31.628218210309708],[-60.72770481994049,-31.628180879972284],[-60.72636907002876,-31.627868330264388],[-60.723285309965235,-31.62640231010741],[-60.72145687005279,-31.62574980023118],[-60.72149491011181,-31.625898390317843],[-60.72293227026195,-31.62640882019099],[-60.722934610373265,-31.62671092015229],[-60.72352827011361,-31.627153969713973],[-60.723586310264125,-31.62852444012825],[-60.72282196972148,-31.628501710041213],[-60.72311072957629,-31.62972207005767],[-60.72415647995812,-31.63069464030452],[-60.723968539824256,-31.630925680346714],[-60.725992889723756,-31.63303800967728],[-60.72670900960026,-31.634310039967904],[-60.72730170993988,-31.635975069783996],[-60.72987648007185,-31.637006509793196],[-60.73256793956259,-31.637451029998775],[-60.7420708702036,-31.636800940257665]]]}},{"type":"Feature","id":"820631914","properties":{"radio":"820631914","population":547,"dwellings":232,"households":215,"rented_households":50,"occupied_dwellings":214,"rented_pct":23.3,"source":"INDEC · Censo 2022"},"geometry":{"type":"Polygon","coordinates":[[[-60.70735824016493,-31.62692892016447],[-60.710246310328635,-31.62625004010958],[-60.71030047963859,-31.626443630122502],[-60.71286302010627,-31.625928829766252],[-60.712634639614954,-31.625005720285206],[-60.713308190126796,-31.62487570014334],[-60.71353571991352,-31.624996180279545],[-60.7135226997318,-31.62467159003067],[-60.71236942011216,-31.624087319680587],[-60.71112248034438,-31.624351289846196],[-60.71138755971,-31.625251659640824],[-60.710030209807265,-31.6255523100318],[-60.70995995975541,-31.62532272986354],[-60.708071220429524,-31.62573905021774],[-60.70735824016493,-31.62692892016447]]]}},{"type":"Feature","id":"820631915","properties":{"radio":"820631915","population":333,"dwellings":184,"households":151,"rented_households":61,"occupied_dwellings":149,"rented_pct":40.4,"source":"INDEC · Censo 2022"},"geometry":{"type":"Polygon","coordinates":[[[-60.71124755008643,-31.629707539725338],[-60.7155353302101,-31.63012096989425],[-60.71519681985822,-31.62996054019826],[-60.71515393967644,-31.627800869976397],[-60.713742839977016,-31.627966590313125],[-60.71375235044092,-31.6285211702453],[-60.712393830033385,-31.62867305025969],[-60.71250748039156,-31.629064720355572],[-60.71115022032035,-31.629383420251152],[-60.71124755008643,-31.629707539725338]]]}},{"type":"Feature","id":"820631916","properties":{"radio":"820631916","population":469,"dwellings":211,"households":197,"rented_households":66,"occupied_dwellings":196,"rented_pct":33.5,"source":"INDEC · Censo 2022"},"geometry":{"type":"Polygon","coordinates":[[[-60.71519681985822,-31.62996054019826],[-60.71774679020013,-31.630545950031923],[-60.72038623004941,-31.631793669740652],[-60.72051201035885,-31.63170277014614],[-60.719331870213914,-31.631069119986172],[-60.71978645996848,-31.62987613029635],[-60.71818091004433,-31.62942973971107],[-60.71847564010252,-31.628693080266167],[-60.71517454972402,-31.62911743972548],[-60.71519681985822,-31.62996054019826]]]}},{"type":"Feature","id":"820631917","properties":{"radio":"820631917","population":419,"dwellings":171,"households":165,"rented_households":0,"occupied_dwellings":162,"rented_pct":0.0,"source":"INDEC · Censo 2022"},"geometry":{"type":"Polygon","coordinates":[[[-60.723968539824256,-31.630925680346714],[-60.7217011902505,-31.629409890374372],[-60.72087580020115,-31.63103786993385],[-60.7216264998262,-31.631340250099754],[-60.72185033035059,-31.630978250278208],[-60.72433805013827,-31.632362010280335],[-60.72486046988334,-31.631768339934514],[-60.723968539824256,-31.630925680346714]]]}},{"type":"Feature","id":"820631918","properties":{"radio":"820631918","population":445,"dwellings":290,"households":163,"rented_households":10,"occupied_dwellings":160,"rented_pct":6.1,"source":"INDEC · Censo 2022"},"geometry":{"type":"Polygon","coordinates":[[[-60.721052930008874,-31.62940454005532],[-60.72107242973874,-31.62851610976654],[-60.721694580446645,-31.628553179908682],[-60.72145687005279,-31.62574980023118],[-60.71865253994155,-31.625652880255608],[-60.71864316961483,-31.627862449787713],[-60.720065749783586,-31.62850375993319],[-60.72016349007976,-31.628877469784694],[-60.721052930008874,-31.62940454005532]]]}},{"type":"Feature","id":"820631919","properties":{"radio":"820631919","population":808,"dwellings":246,"households":238,"rented_households":17,"occupied_dwellings":230,"rented_pct":7.1,"source":"INDEC · Censo 2022"},"geometry":{"type":"Polygon","coordinates":[[[-60.72149491011181,-31.625898390317843],[-60.721694580446645,-31.628553179908682],[-60.72107242973874,-31.62851610976654],[-60.721052930008874,-31.62940454005532],[-60.72147653956426,-31.629663680243436],[-60.7217011902505,-31.629409890374372],[-60.723968539824256,-31.630925680346714],[-60.72415647995812,-31.63069464030452],[-60.72311072957629,-31.62972207005767],[-60.72282196972148,-31.628501710041213],[-60.723586310264125,-31.62852444012825],[-60.72352827011361,-31.627153969713973],[-60.722934610373265,-31.62671092015229],[-60.72293227026195,-31.62640882019099],[-60.72149491011181,-31.625898390317843]]]}},{"type":"Feature","id":"820632001","properties":{"radio":"820632001","population":808,"dwellings":427,"households":366,"rented_households":143,"occupied_dwellings":362,"rented_pct":39.1,"source":"INDEC · Censo 2022"},"geometry":{"type":"Polygon","coordinates":[[[-60.70930582004024,-31.632180369673375],[-60.71383964961854,-31.630982710204268],[-60.71377892979355,-31.62993239974842],[-60.7105574301492,-31.629742939670884],[-60.707417430159,-31.630572039684896],[-60.70776917000006,-31.631783070337764],[-60.70911080028363,-31.631482519628133],[-60.70930582004024,-31.632180369673375]]]}},{"type":"Feature","id":"820632002","properties":{"radio":"820632002","population":363,"dwellings":196,"households":154,"rented_households":55,"occupied_dwellings":153,"rented_pct":35.7,"source":"INDEC · Censo 2022"},"geometry":{"type":"Polygon","coordinates":[[[-60.70989581016265,-31.634224270306806],[-60.71377365039463,-31.633381970264804],[-60.71383964961854,-31.630982710204268],[-60.70930582004024,-31.632180369673375],[-60.70989581016265,-31.634224270306806]]]}},{"type":"Feature","id":"820632003","properties":{"radio":"820632003","population":471,"dwellings":258,"households":203,"rented_households":72,"occupied_dwellings":202,"rented_pct":35.5,"source":"INDEC · Censo 2022"},"geometry":{"type":"Polygon","coordinates":[[[-60.71377365039463,-31.633381970264804],[-60.717441179747226,-31.63261289024949],[-60.71768663990703,-31.633693719778563],[-60.719096569999955,-31.633365630115893],[-60.71877083009816,-31.632127430231314],[-60.72038623004941,-31.631793669740652],[-60.71774679020013,-31.630545950031923],[-60.71377892979355,-31.62993239974842],[-60.71377365039463,-31.633381970264804]]]}},{"type":"Feature","id":"820632004","properties":{"radio":"820632004","population":24,"dwellings":10,"households":9,"rented_households":3,"occupied_dwellings":9,"rented_pct":33.3,"source":"INDEC · Censo 2022"},"geometry":{"type":"Polygon","coordinates":[[[-60.715055920004225,-31.634276640281136],[-60.71670799008368,-31.63390664018222],[-60.71701109962683,-31.634946559879715],[-60.71791619000483,-31.634761110094953],[-60.717441179747226,-31.63261289024949],[-60.71475768022822,-31.63318256961904],[-60.715055920004225,-31.634276640281136]]]}},{"type":"Feature","id":"820632005","properties":{"radio":"820632005","population":385,"dwellings":203,"households":171,"rented_households":39,"occupied_dwellings":170,"rented_pct":22.8,"source":"INDEC · Censo 2022"},"geometry":{"type":"Polygon","coordinates":[[[-60.715662200176006,-31.636365509895064],[-60.71814558020253,-31.63580595030074],[-60.71884396014882,-31.638895330093625],[-60.72090188009049,-31.63851847967675],[-60.720776210273804,-31.6379420101437],[-60.72190226016056,-31.637701169671903],[-60.721629759812366,-31.636539339645847],[-60.723039639599655,-31.636202190000553],[-60.72238263964862,-31.633026930091734],[-60.72038623004941,-31.631793669740652],[-60.71877083009816,-31.632127430231314],[-60.719096569999955,-31.633365630115893],[-60.71768663990703,-31.633693719778563],[-60.71791619000483,-31.634761110094953],[-60.71701109962683,-31.634946559879715],[-60.71670799008368,-31.63390664018222],[-60.715055920004225,-31.634276640281136],[-60.715662200176006,-31.636365509895064]]]}},{"type":"Feature","id":"820632006","properties":{"radio":"820632006","population":611,"dwellings":360,"households":295,"rented_households":137,"occupied_dwellings":295,"rented_pct":46.4,"source":"INDEC · Censo 2022"},"geometry":{"type":"Polygon","coordinates":[[[-60.715662200176006,-31.636365509895064],[-60.71639782966384,-31.638823409840246],[-60.71870277013896,-31.638355019780047],[-60.71814558020253,-31.63580595030074],[-60.715662200176006,-31.636365509895064]]]}},{"type":"Feature","id":"820632007","properties":{"radio":"820632007","population":451,"dwellings":231,"households":195,"rented_households":64,"occupied_dwellings":194,"rented_pct":32.8,"source":"INDEC · Censo 2022"},"geometry":{"type":"Polygon","coordinates":[[[-60.71639782966384,-31.638823409840246],[-60.716797809933986,-31.640119809797717],[-60.721113659715336,-31.639324429866083],[-60.72090188009049,-31.63851847967675],[-60.71884396014882,-31.638895330093625],[-60.71870277013896,-31.638355019780047],[-60.71639782966384,-31.638823409840246]]]}},{"type":"Feature","id":"820632008","properties":{"radio":"820632008","population":752,"dwellings":378,"households":325,"rented_households":102,"occupied_dwellings":322,"rented_pct":31.4,"source":"INDEC · Censo 2022"},"geometry":{"type":"Polygon","coordinates":[[[-60.72090188009049,-31.63851847967675],[-60.724733480441515,-31.63782041026872],[-60.72436596977732,-31.63596471024742],[-60.721629759812366,-31.636539339645847],[-60.72190226016056,-31.637701169671903],[-60.720776210273804,-31.6379420101437],[-60.72090188009049,-31.63851847967675]]]}},{"type":"Feature","id":"820632009","properties":{"radio":"820632009","population":796,"dwellings":297,"households":274,"rented_households":47,"occupied_dwellings":270,"rented_pct":17.2,"source":"INDEC · Censo 2022"},"geometry":{"type":"Polygon","coordinates":[[[-60.724733480441515,-31.63782041026872],[-60.72758554972189,-31.637231519665395],[-60.72704736993349,-31.63580066000596],[-60.72238263964862,-31.633026930091734],[-60.723039639599655,-31.636202190000553],[-60.72436596977732,-31.63596471024742],[-60.724733480441515,-31.63782041026872]]]}},{"type":"Feature","id":"820632010","properties":{"radio":"820632010","population":926,"dwellings":379,"households":341,"rented_households":79,"occupied_dwellings":340,"rented_pct":23.2,"source":"INDEC · Censo 2022"},"geometry":{"type":"Polygon","coordinates":[[[-60.721113659715336,-31.639324429866083],[-60.723624019743106,-31.63884127021761],[-60.723937500336234,-31.639845039630774],[-60.72818932000076,-31.63895960994885],[-60.72758554972189,-31.637231519665395],[-60.72090188009049,-31.63851847967675],[-60.721113659715336,-31.639324429866083]]]}},{"type":"Feature","id":"820632011","properties":{"radio":"820632011","population":706,"dwellings":333,"households":284,"rented_households":70,"occupied_dwellings":282,"rented_pct":24.6,"source":"INDEC · Censo 2022"},"geometry":{"type":"Polygon","coordinates":[[[-60.721113659715336,-31.639324429866083],[-60.72160206026059,-31.64114339006792],[-60.728399750356076,-31.63958517984043],[-60.72818932000076,-31.63895960994885],[-60.723937500336234,-31.639845039630774],[-60.723624019743106,-31.63884127021761],[-60.721113659715336,-31.639324429866083]]]}},{"type":"Feature","id":"820632012","properties":{"radio":"820632012","population":906,"dwellings":361,"households":330,"rented_households":82,"occupied_dwellings":322,"rented_pct":24.8,"source":"INDEC · Censo 2022"},"geometry":{"type":"Polygon","coordinates":[[[-60.72160206026059,-31.64114339006792],[-60.72181357039085,-31.64191325991193],[-60.725690809649905,-31.64096689983215],[-60.72600976008479,-31.641993180372292],[-60.72896046977327,-31.64119627007853],[-60.728399750356076,-31.63958517984043],[-60.72160206026059,-31.64114339006792]]]}},{"type":"Feature","id":"820632101","properties":{"radio":"820632101","population":364,"dwellings":241,"households":176,"rented_households":67,"occupied_dwellings":175,"rented_pct":38.1,"source":"INDEC · Censo 2022"},"geometry":{"type":"Polygon","coordinates":[[[-60.71475768022822,-31.63318256961904],[-60.71377365039463,-31.633381970264804],[-60.71410357015745,-31.63448488008453],[-60.71272502001401,-31.634785680371337],[-60.7130228995656,-31.63583466029774],[-60.715374759946336,-31.63530745972945],[-60.71475768022822,-31.63318256961904]]]}},{"type":"Feature","id":"820632102","properties":{"radio":"820632102","population":452,"dwellings":205,"households":188,"rented_households":60,"occupied_dwellings":183,"rented_pct":31.9,"source":"INDEC · Censo 2022"},"geometry":{"type":"Polygon","coordinates":[[[-60.715374759946336,-31.63530745972945],[-60.71188634028835,-31.636079989759274],[-60.71215796028754,-31.637142649848098],[-60.715662200176006,-31.636365509895064],[-60.715374759946336,-31.63530745972945]]]}},{"type":"Feature","id":"820632103","properties":{"radio":"820632103","population":494,"dwellings":277,"households":243,"rented_households":102,"occupied_dwellings":243,"rented_pct":42.0,"source":"INDEC · Censo 2022"},"geometry":{"type":"Polygon","coordinates":[[[-60.71107792031302,-31.638582599948844],[-60.71602402001287,-31.63749979972003],[-60.715662200176006,-31.636365509895064],[-60.71076351984505,-31.63743901022067],[-60.71107792031302,-31.638582599948844]]]}},{"type":"Feature","id":"820632104","properties":{"radio":"820632104","population":490,"dwellings":283,"households":253,"rented_households":126,"occupied_dwellings":250,"rented_pct":49.8,"source":"INDEC · Censo 2022"},"geometry":{"type":"Polygon","coordinates":[[[-60.71602402001287,-31.63749979972003],[-60.71364044011946,-31.638022689646426],[-60.71402979960801,-31.639314649653286],[-60.71534527005219,-31.63902770992834],[-60.71571893956597,-31.640333289844943],[-60.716797809933986,-31.640119809797717],[-60.71602402001287,-31.63749979972003]]]}},{"type":"Feature","id":"820632105","properties":{"radio":"820632105","population":474,"dwellings":309,"households":256,"rented_households":113,"occupied_dwellings":254,"rented_pct":44.1,"source":"INDEC · Censo 2022"},"geometry":{"type":"Polygon","coordinates":[[[-60.71264374044709,-31.644169780072968],[-60.7152374497602,-31.6435330097392],[-60.714712009879165,-31.641682670085846],[-60.71209093967914,-31.64217980036795],[-60.71264374044709,-31.644169780072968]]]}},{"type":"Feature","id":"820632106","properties":{"radio":"820632106","population":656,"dwellings":338,"households":295,"rented_households":106,"occupied_dwellings":295,"rented_pct":35.9,"source":"INDEC · Censo 2022"},"geometry":{"type":"Polygon","coordinates":[[[-60.714712009879165,-31.641682670085846],[-60.721390419874595,-31.640355470217525],[-60.721113659715336,-31.639324429866083],[-60.71440317986427,-31.640584149841114],[-60.714712009879165,-31.641682670085846]]]}},{"type":"Feature","id":"820632107","properties":{"radio":"820632107","population":423,"dwellings":220,"households":196,"rented_households":99,"occupied_dwellings":186,"rented_pct":50.5,"source":"INDEC · Censo 2022"},"geometry":{"type":"Polygon","coordinates":[[[-60.715041970066174,-31.642785580119636],[-60.717652440145834,-31.642279420357458],[-60.717301230310774,-31.64115860997571],[-60.714712009879165,-31.641682670085846],[-60.715041970066174,-31.642785580119636]]]}},{"type":"Feature","id":"820632108","properties":{"radio":"820632108","population":621,"dwellings":386,"households":291,"rented_households":92,"occupied_dwellings":287,"rented_pct":31.6,"source":"INDEC · Censo 2022"},"geometry":{"type":"Polygon","coordinates":[[[-60.7152374497602,-31.6435330097392],[-60.71762055983473,-31.642933440172023],[-60.71792934044228,-31.644018420162368],[-60.722101139977916,-31.642975809750215],[-60.72170506019275,-31.64151255988789],[-60.715041970066174,-31.642785580119636],[-60.7152374497602,-31.6435330097392]]]}},{"type":"Feature","id":"820632109","properties":{"radio":"820632109","population":430,"dwellings":247,"households":207,"rented_households":72,"occupied_dwellings":204,"rented_pct":34.8,"source":"INDEC · Censo 2022"},"geometry":{"type":"Polygon","coordinates":[[[-60.71653671010508,-31.643187529635764],[-60.71711173968476,-31.645312640047173],[-60.722366929910926,-31.64394829034634],[-60.722101139977916,-31.642975809750215],[-60.71792934044228,-31.644018420162368],[-60.71762055983473,-31.642933440172023],[-60.71653671010508,-31.643187529635764]]]}},{"type":"Feature","id":"820632110","properties":{"radio":"820632110","population":532,"dwellings":246,"households":228,"rented_households":121,"occupied_dwellings":220,"rented_pct":53.1,"source":"INDEC · Censo 2022"},"geometry":{"type":"Polygon","coordinates":[[[-60.715350770436665,-31.648695400136603],[-60.71459193027851,-31.64596707978063],[-60.71327150023564,-31.646308140072477],[-60.714034990073706,-31.64895978988306],[-60.715350770436665,-31.648695400136603]]]}},{"type":"Feature","id":"820632111","properties":{"radio":"820632111","population":899,"dwellings":406,"households":386,"rented_households":156,"occupied_dwellings":383,"rented_pct":40.4,"source":"INDEC · Censo 2022"},"geometry":{"type":"Polygon","coordinates":[[[-60.71853137966759,-31.646224529630384],[-60.71904033995475,-31.647975740185387],[-60.72189831026825,-31.64742301984307],[-60.72175688040822,-31.64685565996899],[-60.72308310997457,-31.6465866199943],[-60.722366929910926,-31.64394829034634],[-60.71971567002917,-31.644635139954396],[-60.72005708014279,-31.645846180198095],[-60.71853137966759,-31.646224529630384]]]}},{"type":"Feature","id":"820632112","properties":{"radio":"820632112","population":577,"dwellings":308,"households":274,"rented_households":141,"occupied_dwellings":270,"rented_pct":51.5,"source":"INDEC · Censo 2022"},"geometry":{"type":"Polygon","coordinates":[[[-60.716158699931846,-31.64681954998102],[-60.71662968034709,-31.64843571037908],[-60.71904033995475,-31.647975740185387],[-60.71853137966759,-31.646224529630384],[-60.716158699931846,-31.64681954998102]]]}},{"type":"Feature","id":"820632113","properties":{"radio":"820632113","population":438,"dwellings":207,"households":184,"rented_households":107,"occupied_dwellings":181,"rented_pct":58.2,"source":"INDEC · Censo 2022"},"geometry":{"type":"Polygon","coordinates":[[[-60.71327150023564,-31.646308140072477],[-60.71587024999579,-31.645635250229656],[-60.7152374497602,-31.6435330097392],[-60.713948510159625,-31.643851360272347],[-60.714288659936905,-31.644909119744685],[-60.71297345000415,-31.64524113007359],[-60.71327150023564,-31.646308140072477]]]}},{"type":"Feature","id":"820632114","properties":{"radio":"820632114","population":406,"dwellings":199,"households":184,"rented_households":98,"occupied_dwellings":180,"rented_pct":53.3,"source":"INDEC · Censo 2022"},"geometry":{"type":"Polygon","coordinates":[[[-60.71711173968476,-31.645312640047173],[-60.7174529395926,-31.646501149962138],[-60.72005708014279,-31.645846180198095],[-60.71971567002917,-31.644635139954396],[-60.71711173968476,-31.645312640047173]]]}},{"type":"Feature","id":"820632115","properties":{"radio":"820632115","population":556,"dwellings":396,"households":299,"rented_households":196,"occupied_dwellings":295,"rented_pct":65.6,"source":"INDEC · Censo 2022"},"geometry":{"type":"Polygon","coordinates":[[[-60.72189831026825,-31.64742301984307],[-60.714034990073706,-31.64895978988306],[-60.71438671015185,-31.650148250110643],[-60.71938689022843,-31.649168730166647],[-60.71976035043477,-31.650433700282676],[-60.72392410016715,-31.649679670099697],[-60.72308310997457,-31.6465866199943],[-60.72175688040822,-31.64685565996899],[-60.72189831026825,-31.64742301984307]]]}},{"type":"Feature","id":"820632116","properties":{"radio":"820632116","population":476,"dwellings":251,"households":224,"rented_households":112,"occupied_dwellings":217,"rented_pct":50.0,"source":"INDEC · Censo 2022"},"geometry":{"type":"Polygon","coordinates":[[[-60.71017838960832,-31.63534549008456],[-60.71410357015745,-31.63448488008453],[-60.71377365039463,-31.633381970264804],[-60.70989581016265,-31.634224270306806],[-60.71017838960832,-31.63534549008456]]]}},{"type":"Feature","id":"820632117","properties":{"radio":"820632117","population":479,"dwellings":289,"households":243,"rented_households":116,"occupied_dwellings":238,"rented_pct":47.7,"source":"INDEC · Censo 2022"},"geometry":{"type":"Polygon","coordinates":[[[-60.71272502001401,-31.634785680371337],[-60.71017838960832,-31.63534549008456],[-60.71076351984505,-31.63743901022067],[-60.71215796028754,-31.637142649848098],[-60.71188634028835,-31.636079989759274],[-60.7130228995656,-31.63583466029774],[-60.71272502001401,-31.634785680371337]]]}},{"type":"Feature","id":"820632118","properties":{"radio":"820632118","population":369,"dwellings":304,"households":217,"rented_households":104,"occupied_dwellings":216,"rented_pct":47.9,"source":"INDEC · Censo 2022"},"geometry":{"type":"Polygon","coordinates":[[[-60.71141428997957,-31.63984329972943],[-60.71402979960801,-31.639314649653286],[-60.71364044011946,-31.638022689646426],[-60.71107792031302,-31.638582599948844],[-60.71141428997957,-31.63984329972943]]]}},{"type":"Feature","id":"820632119","properties":{"radio":"820632119","population":688,"dwellings":396,"households":356,"rented_households":172,"occupied_dwellings":351,"rented_pct":48.3,"source":"INDEC · Censo 2022"},"geometry":{"type":"Polygon","coordinates":[[[-60.711787300129956,-31.641067720298928],[-60.71571893956597,-31.640333289844943],[-60.71534527005219,-31.63902770992834],[-60.71141428997957,-31.63984329972943],[-60.711787300129956,-31.641067720298928]]]}},{"type":"Feature","id":"820632120","properties":{"radio":"820632120","population":479,"dwellings":315,"households":280,"rented_households":164,"occupied_dwellings":278,"rented_pct":58.6,"source":"INDEC · Censo 2022"},"geometry":{"type":"Polygon","coordinates":[[[-60.711787300129956,-31.641067720298928],[-60.71209093967914,-31.64217980036795],[-60.714712009879165,-31.641682670085846],[-60.71440317986427,-31.640584149841114],[-60.711787300129956,-31.641067720298928]]]}},{"type":"Feature","id":"820632121","properties":{"radio":"820632121","population":484,"dwellings":241,"households":193,"rented_households":52,"occupied_dwellings":193,"rented_pct":26.9,"source":"INDEC · Censo 2022"},"geometry":{"type":"Polygon","coordinates":[[[-60.72170506019275,-31.64151255988789],[-60.721390419874595,-31.640355470217525],[-60.717301230310774,-31.64115860997571],[-60.717652440145834,-31.642279420357458],[-60.72170506019275,-31.64151255988789]]]}},{"type":"Feature","id":"820632122","properties":{"radio":"820632122","population":534,"dwellings":207,"households":207,"rented_households":90,"occupied_dwellings":199,"rented_pct":43.5,"source":"INDEC · Censo 2022"},"geometry":{"type":"Polygon","coordinates":[[[-60.71587024999579,-31.645635250229656],[-60.71711173968476,-31.645312640047173],[-60.71653671010508,-31.643187529635764],[-60.7152374497602,-31.6435330097392],[-60.71587024999579,-31.645635250229656]]]}},{"type":"Feature","id":"820632123","properties":{"radio":"820632123","population":314,"dwellings":154,"households":144,"rented_households":72,"occupied_dwellings":141,"rented_pct":50.0,"source":"INDEC · Censo 2022"},"geometry":{"type":"Polygon","coordinates":[[[-60.71662968034709,-31.64843571037908],[-60.716158699931846,-31.64681954998102],[-60.71491180957138,-31.64712865971159],[-60.715350770436665,-31.648695400136603],[-60.71662968034709,-31.64843571037908]]]}},{"type":"Feature","id":"820632124","properties":{"radio":"820632124","population":395,"dwellings":305,"households":246,"rented_households":159,"occupied_dwellings":246,"rented_pct":64.6,"source":"INDEC · Censo 2022"},"geometry":{"type":"Polygon","coordinates":[[[-60.71264374044709,-31.644169780072968],[-60.71297345000415,-31.64524113007359],[-60.714288659936905,-31.644909119744685],[-60.713948510159625,-31.643851360272347],[-60.71264374044709,-31.644169780072968]]]}},{"type":"Feature","id":"820632125","properties":{"radio":"820632125","population":424,"dwellings":249,"households":229,"rented_households":135,"occupied_dwellings":229,"rented_pct":59.0,"source":"INDEC · Censo 2022"},"geometry":{"type":"Polygon","coordinates":[[[-60.71711173968476,-31.645312640047173],[-60.71459193027851,-31.64596707978063],[-60.71491180957138,-31.64712865971159],[-60.7174529395926,-31.646501149962138],[-60.71711173968476,-31.645312640047173]]]}},{"type":"Feature","id":"820632201","properties":{"radio":"820632201","population":744,"dwellings":465,"households":385,"rented_households":228,"occupied_dwellings":373,"rented_pct":59.2,"source":"INDEC · Censo 2022"},"geometry":{"type":"Polygon","coordinates":[[[-60.708201009920074,-31.642868799799565],[-60.70850998995363,-31.64399438995002],[-60.712405159585735,-31.643296330295506],[-60.71209093967914,-31.64217980036795],[-60.708201009920074,-31.642868799799565]]]}},{"type":"Feature","id":"820632202","properties":{"radio":"820632202","population":614,"dwellings":328,"households":264,"rented_households":116,"occupied_dwellings":257,"rented_pct":43.9,"source":"INDEC · Censo 2022"},"geometry":{"type":"Polygon","coordinates":[[[-60.70563771037599,-31.643347450126843],[-60.70629829011342,-31.645666029647945],[-60.707708409750886,-31.645333559694215],[-60.70736780991765,-31.64420815017917],[-60.70850998995363,-31.64399438995002],[-60.708201009920074,-31.642868799799565],[-60.70563771037599,-31.643347450126843]]]}},{"type":"Feature","id":"820632203","properties":{"radio":"820632203","population":524,"dwellings":348,"households":251,"rented_households":158,"occupied_dwellings":244,"rented_pct":62.9,"source":"INDEC · Censo 2022"},"geometry":{"type":"Polygon","coordinates":[[[-60.71055514034354,-31.65092717973672],[-60.70951023976799,-31.64730309030271],[-60.707016510251066,-31.647934689742748],[-60.70804950994573,-31.651392030150028],[-60.71055514034354,-31.65092717973672]]]}},{"type":"Feature","id":"820632204","properties":{"radio":"820632204","population":393,"dwellings":228,"households":192,"rented_households":116,"occupied_dwellings":187,"rented_pct":60.4,"source":"INDEC · Censo 2022"},"geometry":{"type":"Polygon","coordinates":[[[-60.70345856997325,-31.643747259710576],[-60.70379387962778,-31.6448772296582],[-60.705941490062344,-31.644486589741472],[-60.70563771037599,-31.643347450126843],[-60.70345856997325,-31.643747259710576]]]}},{"type":"Feature","id":"820632205","properties":{"radio":"820632205","population":350,"dwellings":350,"households":217,"rented_households":104,"occupied_dwellings":214,"rented_pct":47.9,"source":"INDEC · Censo 2022"},"geometry":{"type":"Polygon","coordinates":[[[-60.702116120426126,-31.646771309756012],[-60.70413309964872,-31.64722465033781],[-60.704737189727844,-31.649043030036584],[-60.70601078969663,-31.64877445981177],[-60.70585364021744,-31.64820717012852],[-60.707016510251066,-31.647934689742748],[-60.70629829011342,-31.645666029647945],[-60.702116120426126,-31.646771309756012]]]}},{"type":"Feature","id":"820632206","properties":{"radio":"820632206","population":262,"dwellings":192,"households":137,"rented_households":82,"occupied_dwellings":136,"rented_pct":59.9,"source":"INDEC · Censo 2022"},"geometry":{"type":"Polygon","coordinates":[[[-60.704737189727844,-31.649043030036584],[-60.70556548043724,-31.651928850349925],[-60.70804950994573,-31.651392030150028],[-60.707016510251066,-31.647934689742748],[-60.70585364021744,-31.64820717012852],[-60.70601078969663,-31.64877445981177],[-60.704737189727844,-31.649043030036584]]]}},{"type":"Feature","id":"820632207","properties":{"radio":"820632207","population":305,"dwellings":250,"households":179,"rented_households":108,"occupied_dwellings":174,"rented_pct":60.3,"source":"INDEC · Censo 2022"},"geometry":{"type":"Polygon","coordinates":[[[-60.710197919880905,-31.64970267030658],[-60.714034990073706,-31.64895978988306],[-60.713591369647055,-31.647469730271762],[-60.70984071019807,-31.648478160039502],[-60.710197919880905,-31.64970267030658]]]}},{"type":"Feature","id":"820632208","properties":{"radio":"820632208","population":267,"dwellings":154,"households":149,"rented_households":65,"occupied_dwellings":149,"rented_pct":43.6,"source":"INDEC · Censo 2022"},"geometry":{"type":"Polygon","coordinates":[[[-60.7091697899534,-31.64620023003518],[-60.70951023976799,-31.64730309030271],[-60.71327150023564,-31.646308140072477],[-60.71297345000415,-31.64524113007359],[-60.7091697899534,-31.64620023003518]]]}},{"type":"Feature","id":"820632209","properties":{"radio":"820632209","population":348,"dwellings":260,"households":191,"rented_households":104,"occupied_dwellings":190,"rented_pct":54.5,"source":"INDEC · Censo 2022"},"geometry":{"type":"Polygon","coordinates":[[[-60.710118150382,-31.644756529787987],[-60.71045868014665,-31.64586839978692],[-60.71297345000415,-31.64524113007359],[-60.71264374044709,-31.644169780072968],[-60.710118150382,-31.644756529787987]]]}},{"type":"Feature","id":"820632210","properties":{"radio":"820632210","population":519,"dwellings":424,"households":299,"rented_households":196,"occupied_dwellings":295,"rented_pct":65.6,"source":"INDEC · Censo 2022"},"geometry":{"type":"Polygon","coordinates":[[[-60.707844540449024,-31.641734459983635],[-60.708201009920074,-31.642868799799565],[-60.71209093967914,-31.64217980036795],[-60.711787300129956,-31.641067720298928],[-60.707844540449024,-31.641734459983635]]]}},{"type":"Feature","id":"820632211","properties":{"radio":"820632211","population":429,"dwellings":277,"households":201,"rented_households":94,"occupied_dwellings":196,"rented_pct":46.8,"source":"INDEC · Censo 2022"},"geometry":{"type":"Polygon","coordinates":[[[-60.70951023976799,-31.64730309030271],[-60.70850998995363,-31.64399438995002],[-60.70736780991765,-31.64420815017917],[-60.707708409750886,-31.645333559694215],[-60.70629829011342,-31.645666029647945],[-60.707016510251066,-31.647934689742748],[-60.70951023976799,-31.64730309030271]]]}},{"type":"Feature","id":"820632212","properties":{"radio":"820632212","population":376,"dwellings":157,"households":153,"rented_households":69,"occupied_dwellings":153,"rented_pct":45.1,"source":"INDEC · Censo 2022"},"geometry":{"type":"Polygon","coordinates":[[[-60.700724339895196,-31.643230220299024],[-60.70105893988064,-31.644269999792805],[-60.70345856997325,-31.643747259710576],[-60.70311871035179,-31.642712020153084],[-60.700724339895196,-31.643230220299024]]]}},{"type":"Feature","id":"820632213","properties":{"radio":"820632213","population":227,"dwellings":240,"households":131,"rented_households":66,"occupied_dwellings":131,"rented_pct":50.4,"source":"INDEC · Censo 2022"},"geometry":{"type":"Polygon","coordinates":[[[-60.70379387962778,-31.6448772296582],[-60.70420923995388,-31.646137509902026],[-60.70629829011342,-31.645666029647945],[-60.705941490062344,-31.644486589741472],[-60.70379387962778,-31.6448772296582]]]}},{"type":"Feature","id":"820632214","properties":{"radio":"820632214","population":342,"dwellings":233,"households":171,"rented_households":94,"occupied_dwellings":170,"rented_pct":55.0,"source":"INDEC · Censo 2022"},"geometry":{"type":"Polygon","coordinates":[[[-60.70979952962881,-31.643752749920317],[-60.710118150382,-31.644756529787987],[-60.71264374044709,-31.644169780072968],[-60.712405159585735,-31.643296330295506],[-60.70979952962881,-31.643752749920317]]]}},{"type":"Feature","id":"820632215","properties":{"radio":"820632215","population":282,"dwellings":223,"households":158,"rented_households":90,"occupied_dwellings":155,"rented_pct":57.0,"source":"INDEC · Censo 2022"},"geometry":{"type":"Polygon","coordinates":[[[-60.705270659649194,-31.64220414001736],[-60.70563771037599,-31.643347450126843],[-60.708201009920074,-31.642868799799565],[-60.707844540449024,-31.641734459983635],[-60.705270659649194,-31.64220414001736]]]}},{"type":"Feature","id":"820632216","properties":{"radio":"820632216","population":377,"dwellings":247,"households":208,"rented_households":142,"occupied_dwellings":203,"rented_pct":68.3,"source":"INDEC · Censo 2022"},"geometry":{"type":"Polygon","coordinates":[[[-60.70105893988064,-31.644269999792805],[-60.70138317959592,-31.64533240033828],[-60.70379387962778,-31.6448772296582],[-60.70345856997325,-31.643747259710576],[-60.70105893988064,-31.644269999792805]]]}},{"type":"Feature","id":"820632217","properties":{"radio":"820632217","population":387,"dwellings":249,"households":199,"rented_households":102,"occupied_dwellings":198,"rented_pct":51.3,"source":"INDEC · Censo 2022"},"geometry":{"type":"Polygon","coordinates":[[[-60.71055514034354,-31.65092717973672],[-60.71438671015185,-31.650148250110643],[-60.714034990073706,-31.64895978988306],[-60.710197919880905,-31.64970267030658],[-60.71055514034354,-31.65092717973672]]]}},{"type":"Feature","id":"820632218","properties":{"radio":"820632218","population":617,"dwellings":372,"households":329,"rented_households":179,"occupied_dwellings":324,"rented_pct":54.4,"source":"INDEC · Censo 2022"},"geometry":{"type":"Polygon","coordinates":[[[-60.713591369647055,-31.647469730271762],[-60.71327150023564,-31.646308140072477],[-60.70951023976799,-31.64730309030271],[-60.70984071019807,-31.648478160039502],[-60.713591369647055,-31.647469730271762]]]}},{"type":"Feature","id":"820632219","properties":{"radio":"820632219","population":289,"dwellings":232,"households":178,"rented_households":114,"occupied_dwellings":178,"rented_pct":64.0,"source":"INDEC · Censo 2022"},"geometry":{"type":"Polygon","coordinates":[[[-60.71045868014665,-31.64586839978692],[-60.710118150382,-31.644756529787987],[-60.708813289939634,-31.645065890332997],[-60.7091697899534,-31.64620023003518],[-60.71045868014665,-31.64586839978692]]]}},{"type":"Feature","id":"820632220","properties":{"radio":"820632220","population":358,"dwellings":292,"households":231,"rented_households":148,"occupied_dwellings":226,"rented_pct":64.1,"source":"INDEC · Censo 2022"},"geometry":{"type":"Polygon","coordinates":[[[-60.70563771037599,-31.643347450126843],[-60.705270659649194,-31.64220414001736],[-60.70311871035179,-31.642712020153084],[-60.70345856997325,-31.643747259710576],[-60.70563771037599,-31.643347450126843]]]}},{"type":"Feature","id":"820632221","properties":{"radio":"820632221","population":361,"dwellings":180,"households":162,"rented_households":62,"occupied_dwellings":159,"rented_pct":38.3,"source":"INDEC · Censo 2022"},"geometry":{"type":"Polygon","coordinates":[[[-60.70180973023554,-31.646682810011434],[-60.702116120426126,-31.646771309756012],[-60.70420923995388,-31.646137509902026],[-60.70379387962778,-31.6448772296582],[-60.70138317959592,-31.64533240033828],[-60.70180973023554,-31.646682810011434]]]}},{"type":"Feature","id":"820632222","properties":{"radio":"820632222","population":327,"dwellings":296,"households":192,"rented_households":114,"occupied_dwellings":192,"rented_pct":59.4,"source":"INDEC · Censo 2022"},"geometry":{"type":"Polygon","coordinates":[[[-60.710118150382,-31.644756529787987],[-60.70979952962881,-31.643752749920317],[-60.70850998995363,-31.64399438995002],[-60.708813289939634,-31.645065890332997],[-60.710118150382,-31.644756529787987]]]}},{"type":"Feature","id":"820632301","properties":{"radio":"820632301","population":1022,"dwellings":447,"households":421,"rented_households":125,"occupied_dwellings":415,"rented_pct":29.7,"source":"INDEC · Censo 2022"},"geometry":{"type":"Polygon","coordinates":[[[-60.69332208002023,-31.633738170112846],[-60.69120148012962,-31.634191569651424],[-60.692261360112525,-31.63782024965896],[-60.69436612989121,-31.637353390289118],[-60.69332208002023,-31.633738170112846]]]}},{"type":"Feature","id":"820632302","properties":{"radio":"820632302","population":389,"dwellings":220,"households":195,"rented_households":67,"occupied_dwellings":192,"rented_pct":34.4,"source":"INDEC · Censo 2022"},"geometry":{"type":"Polygon","coordinates":[[[-60.68959496002495,-31.63646388027979],[-60.690124770209835,-31.638264700201688],[-60.692261360112525,-31.63782024965896],[-60.69171565962857,-31.636015009629915],[-60.68959496002495,-31.63646388027979]]]}},{"type":"Feature","id":"820632303","properties":{"radio":"820632303","population":412,"dwellings":190,"households":175,"rented_households":58,"occupied_dwellings":171,"rented_pct":33.1,"source":"INDEC · Censo 2022"},"geometry":{"type":"Polygon","coordinates":[[[-60.68746376989546,-31.636921779709073],[-60.68959496002495,-31.63646388027979],[-60.68906513995857,-31.63465854967581],[-60.68693918970214,-31.635107400103436],[-60.68746376989546,-31.636921779709073]]]}},{"type":"Feature","id":"820632304","properties":{"radio":"820632304","population":395,"dwellings":226,"households":182,"rented_households":64,"occupied_dwellings":180,"rented_pct":35.2,"source":"INDEC · Censo 2022"},"geometry":{"type":"Polygon","coordinates":[[[-60.68304081038951,-31.640395070146194],[-60.68467860983237,-31.639484460248692],[-60.68564648975377,-31.639222240052245],[-60.68511149000147,-31.63742142031737],[-60.68305918003876,-31.637860799794133],[-60.682778429563015,-31.636946929909723],[-60.68207332033694,-31.637104009906018],[-60.68164551025928,-31.63625855964139],[-60.68100407002729,-31.63647392006623],[-60.68304081038951,-31.640395070146194]]]}},{"type":"Feature","id":"820632305","properties":{"radio":"820632305","population":430,"dwellings":270,"households":221,"rented_households":112,"occupied_dwellings":217,"rented_pct":50.7,"source":"INDEC · Censo 2022"},"geometry":{"type":"Polygon","coordinates":[[[-60.684269690426824,-31.63978426007721],[-60.68468823977223,-31.64007962009886],[-60.68495579040317,-31.641345279827526],[-60.685370859675146,-31.641884150284692],[-60.68498662956688,-31.640519920055166],[-60.68724955044626,-31.640043310163236],[-60.68694635017327,-31.638949210210384],[-60.68467860983237,-31.639484460248692],[-60.684269690426824,-31.63978426007721]]]}},{"type":"Feature","id":"820632306","properties":{"radio":"820632306","population":590,"dwellings":386,"households":310,"rented_households":130,"occupied_dwellings":309,"rented_pct":41.9,"source":"INDEC · Censo 2022"},"geometry":{"type":"Polygon","coordinates":[[[-60.69069826995859,-31.640268200263666],[-60.690124770209835,-31.638264700201688],[-60.68694635017327,-31.638949210210384],[-60.68751977985341,-31.640952719997433],[-60.69069826995859,-31.640268200263666]]]}},{"type":"Feature","id":"820632307","properties":{"radio":"820632307","population":445,"dwellings":303,"households":248,"rented_households":110,"occupied_dwellings":248,"rented_pct":44.4,"source":"INDEC · Censo 2022"},"geometry":{"type":"Polygon","coordinates":[[[-60.690124770209835,-31.638264700201688],[-60.69095785971951,-31.641159620251408],[-60.693041759837506,-31.640710929812744],[-60.692261360112525,-31.63782024965896],[-60.690124770209835,-31.638264700201688]]]}},{"type":"Feature","id":"820632308","properties":{"radio":"820632308","population":493,"dwellings":308,"households":246,"rented_households":99,"occupied_dwellings":246,"rented_pct":40.2,"source":"INDEC · Censo 2022"},"geometry":{"type":"Polygon","coordinates":[[[-60.69522038011569,-31.640243649790673],[-60.69736214970431,-31.63978556022409],[-60.69650800009113,-31.636917860027815],[-60.69436612989121,-31.637353390289118],[-60.69522038011569,-31.640243649790673]]]}},{"type":"Feature","id":"820632309","properties":{"radio":"820632309","population":287,"dwellings":228,"households":167,"rented_households":102,"occupied_dwellings":165,"rented_pct":61.1,"source":"INDEC · Censo 2022"},"geometry":{"type":"Polygon","coordinates":[[[-60.701470190414355,-31.637264949648355],[-60.701165119848916,-31.637347790333365],[-60.70077349031764,-31.637133500377498],[-60.69894748034804,-31.637517779662105],[-60.699650759705875,-31.639935369910845],[-60.701039970156785,-31.639634649758136],[-60.70064718000217,-31.638563609908754],[-60.70178904023793,-31.638313839661574],[-60.701470190414355,-31.637264949648355]]]}},{"type":"Feature","id":"820632310","properties":{"radio":"820632310","population":389,"dwellings":216,"households":181,"rented_households":62,"occupied_dwellings":176,"rented_pct":34.3,"source":"INDEC · Censo 2022"},"geometry":{"type":"Polygon","coordinates":[[[-60.69628865036335,-31.640016879776102],[-60.69682404986596,-31.64184019024103],[-60.69862897008765,-31.641442529897322],[-60.699650759705875,-31.639935369910845],[-60.6994565295684,-31.639336710195888],[-60.69628865036335,-31.640016879776102]]]}},{"type":"Feature","id":"820632311","properties":{"radio":"820632311","population":470,"dwellings":233,"households":208,"rented_households":62,"occupied_dwellings":208,"rented_pct":29.8,"source":"INDEC · Censo 2022"},"geometry":{"type":"Polygon","coordinates":[[[-60.69440328960124,-31.645190190234477],[-60.693370020412,-31.641619999674695],[-60.69442773994665,-31.641388789650264],[-60.694162649801264,-31.64047036036362],[-60.69095785971951,-31.641159620251408],[-60.69122829034927,-31.642091560099434],[-60.687286620324784,-31.642933519707736],[-60.68915784968915,-31.64437088015255],[-60.69363368043946,-31.645185350145297],[-60.69440328960124,-31.645190190234477]]]}},{"type":"Feature","id":"820632312","properties":{"radio":"820632312","population":400,"dwellings":383,"households":239,"rented_households":122,"occupied_dwellings":238,"rented_pct":51.0,"source":"INDEC · Censo 2022"},"geometry":{"type":"Polygon","coordinates":[[[-60.70417027013855,-31.64726052004298],[-60.696488750092904,-31.6456477797973],[-60.694997780283245,-31.645038149828917],[-60.69363368043946,-31.645185350145297],[-60.68915784968915,-31.64437088015255],[-60.687286620324784,-31.642933519707736],[-60.68657369036586,-31.64274797037046],[-60.68519044023686,-31.641718280375727],[-60.684539539846604,-31.6399271101671],[-60.684269690426824,-31.63978426007721],[-60.68304081038951,-31.640395070146194],[-60.68377286997242,-31.64175744991984],[-60.684567490028364,-31.64230331029507],[-60.68454869008608,-31.642614549628057],[-60.68477013019351,-31.64262238009769],[-60.68483516013524,-31.642865529656135],[-60.685029940041666,-31.64283291998749],[-60.685121359791495,-31.64308042968652],[-60.686206089870126,-31.643651780177645],[-60.686235100063904,-31.644012370165832],[-60.68646325956967,-31.644218560036048],[-60.687504689953265,-31.644632310370476],[-60.68829498012953,-31.645299929954078],[-60.693901259816506,-31.64856580005894],[-60.69620111043724,-31.650902570137564],[-60.69712894975149,-31.65232692006483],[-60.69857757028371,-31.6535996201586],[-60.700263440374044,-31.655574420021477],[-60.70430580974524,-31.653351690363646],[-60.705127579584,-31.653275009681902],[-60.70522465961844,-31.652169719730708],[-60.70556548043724,-31.651928850349925],[-60.70417027013855,-31.64726052004298]]]}},{"type":"Feature","id":"820632313","properties":{"radio":"820632313","population":378,"dwellings":268,"households":192,"rented_households":80,"occupied_dwellings":192,"rented_pct":41.7,"source":"INDEC · Censo 2022"},"geometry":{"type":"Polygon","coordinates":[[[-60.701470190414355,-31.637264949648355],[-60.701064840015434,-31.635923429643363],[-60.69650800009113,-31.636917860027815],[-60.69684260007657,-31.63796667976946],[-60.70077349031764,-31.637133500377498],[-60.701165119848916,-31.637347790333365],[-60.701470190414355,-31.637264949648355]]]}},{"type":"Feature","id":"820632314","properties":{"radio":"820632314","population":481,"dwellings":317,"households":235,"rented_households":96,"occupied_dwellings":233,"rented_pct":40.9,"source":"INDEC · Censo 2022"},"geometry":{"type":"Polygon","coordinates":[[[-60.69682404986596,-31.64184019024103],[-60.697364670377,-31.64365444001456],[-60.699438300056336,-31.643237269892868],[-60.69920973990197,-31.642278059828453],[-60.69968858955913,-31.642171729722435],[-60.69966021986414,-31.641197889884026],[-60.70006530975163,-31.641096469969682],[-60.699650759705875,-31.639935369910845],[-60.69862897008765,-31.641442529897322],[-60.69682404986596,-31.64184019024103]]]}},{"type":"Feature","id":"820632315","properties":{"radio":"820632315","population":413,"dwellings":266,"households":192,"rented_households":73,"occupied_dwellings":192,"rented_pct":38.0,"source":"INDEC · Censo 2022"},"geometry":{"type":"Polygon","coordinates":[[[-60.69171565962857,-31.636015009629915],[-60.69120148012962,-31.634191569651424],[-60.68906513995857,-31.63465854967581],[-60.68959496002495,-31.63646388027979],[-60.69171565962857,-31.636015009629915]]]}},{"type":"Feature","id":"820632316","properties":{"radio":"820632316","population":486,"dwellings":257,"households":244,"rented_households":128,"occupied_dwellings":237,"rented_pct":52.5,"source":"INDEC · Censo 2022"},"geometry":{"type":"Polygon","coordinates":[[[-60.690124770209835,-31.638264700201688],[-60.68959496002495,-31.63646388027979],[-60.68746376989546,-31.636921779709073],[-60.68800407958938,-31.638722560172045],[-60.690124770209835,-31.638264700201688]]]}},{"type":"Feature","id":"820632317","properties":{"radio":"820632317","population":424,"dwellings":208,"households":184,"rented_households":54,"occupied_dwellings":184,"rented_pct":29.3,"source":"INDEC · Censo 2022"},"geometry":{"type":"Polygon","coordinates":[[[-60.684506119823084,-31.63536395993348],[-60.682453840403085,-31.635803320067485],[-60.68154359998356,-31.63601561001618],[-60.68207332033694,-31.637104009906018],[-60.682778429563015,-31.636946929909723],[-60.68305918003876,-31.637860799794133],[-60.68511149000147,-31.63742142031737],[-60.684506119823084,-31.63536395993348]]]}},{"type":"Feature","id":"820632318","properties":{"radio":"820632318","population":427,"dwellings":234,"households":207,"rented_households":73,"occupied_dwellings":205,"rented_pct":35.3,"source":"INDEC · Censo 2022"},"geometry":{"type":"Polygon","coordinates":[[[-60.68804436992819,-31.642762589672863],[-60.68724955044626,-31.640043310163236],[-60.68498662956688,-31.640519920055166],[-60.685370859675146,-31.641884150284692],[-60.68558297976151,-31.642058869858122],[-60.68657369036586,-31.64274797037046],[-60.687286620324784,-31.642933519707736],[-60.68804436992819,-31.642762589672863]]]}},{"type":"Feature","id":"820632319","properties":{"radio":"820632319","population":546,"dwellings":340,"households":268,"rented_households":110,"occupied_dwellings":261,"rented_pct":41.0,"source":"INDEC · Censo 2022"},"geometry":{"type":"Polygon","coordinates":[[[-60.69122829034927,-31.642091560099434],[-60.69069826995859,-31.640268200263666],[-60.68751977985341,-31.640952719997433],[-60.68804436992819,-31.642762589672863],[-60.69122829034927,-31.642091560099434]]]}},{"type":"Feature","id":"820632320","properties":{"radio":"820632320","population":307,"dwellings":168,"households":157,"rented_households":55,"occupied_dwellings":156,"rented_pct":35.0,"source":"INDEC · Censo 2022"},"geometry":{"type":"Polygon","coordinates":[[[-60.693041759837506,-31.640710929812744],[-60.69522038011569,-31.640243649790673],[-60.69436612989121,-31.637353390289118],[-60.692261360112525,-31.63782024965896],[-60.693041759837506,-31.640710929812744]]]}},{"type":"Feature","id":"820632321","properties":{"radio":"820632321","population":352,"dwellings":236,"households":177,"rented_households":71,"occupied_dwellings":177,"rented_pct":40.1,"source":"INDEC · Censo 2022"},"geometry":{"type":"Polygon","coordinates":[[[-60.6994565295684,-31.639336710195888],[-60.69894748034804,-31.637517779662105],[-60.69684260007657,-31.63796667976946],[-60.69736214970431,-31.63978556022409],[-60.6994565295684,-31.639336710195888]]]}},{"type":"Feature","id":"820632322","properties":{"radio":"820632322","population":466,"dwellings":303,"households":228,"rented_households":94,"occupied_dwellings":224,"rented_pct":41.2,"source":"INDEC · Censo 2022"},"geometry":{"type":"Polygon","coordinates":[[[-60.69363505037028,-31.64252942009061],[-60.69682404986596,-31.64184019024103],[-60.69628865036335,-31.640016879776102],[-60.694162649801264,-31.64047036036362],[-60.69442773994665,-31.641388789650264],[-60.693370020412,-31.641619999674695],[-60.69363505037028,-31.64252942009061]]]}},{"type":"Feature","id":"820632323","properties":{"radio":"820632323","population":713,"dwellings":387,"households":344,"rented_households":131,"occupied_dwellings":342,"rented_pct":38.1,"source":"INDEC · Censo 2022"},"geometry":{"type":"Polygon","coordinates":[[[-60.70180973023554,-31.646682810011434],[-60.70006530975163,-31.641096469969682],[-60.69966021986414,-31.641197889884026],[-60.69968858955913,-31.642171729722435],[-60.69920973990197,-31.642278059828453],[-60.699438300056336,-31.643237269892868],[-60.697364670377,-31.64365444001456],[-60.69725660035336,-31.643298809658454],[-60.695298520070686,-31.6443691502777],[-60.69517396955486,-31.643923419646566],[-60.6941003803824,-31.644150209959122],[-60.69433336024797,-31.645001180321433],[-60.6955205997786,-31.645170579803747],[-60.69682141959881,-31.645727130372663],[-60.70180973023554,-31.646682810011434]]]}},{"type":"Feature","id":"820632324","properties":{"radio":"820632324","population":445,"dwellings":212,"households":197,"rented_households":84,"occupied_dwellings":195,"rented_pct":42.6,"source":"INDEC · Censo 2022"},"geometry":{"type":"Polygon","coordinates":[[[-60.69725660035336,-31.643298809658454],[-60.69682404986596,-31.64184019024103],[-60.69363505037028,-31.64252942009061],[-60.6941003803824,-31.644150209959122],[-60.69517396955486,-31.643923419646566],[-60.695298520070686,-31.6443691502777],[-60.69725660035336,-31.643298809658454]]]}},{"type":"Feature","id":"820632401","properties":{"radio":"820632401","population":494,"dwellings":325,"households":247,"rented_households":120,"occupied_dwellings":244,"rented_pct":48.6,"source":"INDEC · Censo 2022"},"geometry":{"type":"Polygon","coordinates":[[[-60.71055514034354,-31.65092717973672],[-60.710911919733356,-31.652093080131788],[-60.71477027011692,-31.651363580365498],[-60.71438671015185,-31.650148250110643],[-60.71055514034354,-31.65092717973672]]]}},{"type":"Feature","id":"820632402","properties":{"radio":"820632402","population":664,"dwellings":376,"households":345,"rented_households":197,"occupied_dwellings":333,"rented_pct":57.1,"source":"INDEC · Censo 2022"},"geometry":{"type":"Polygon","coordinates":[[[-60.70613505005661,-31.654054040040172],[-60.70674715041313,-31.65622408027832],[-60.70806350030797,-31.656018379656473],[-60.70775476012461,-31.654928869900044],[-60.70902382000794,-31.654745970379427],[-60.70867792999599,-31.653625100012363],[-60.70613505005661,-31.654054040040172]]]}},{"type":"Feature","id":"820632403","properties":{"radio":"820632403","population":343,"dwellings":179,"households":147,"rented_households":76,"occupied_dwellings":139,"rented_pct":51.7,"source":"INDEC · Censo 2022"},"geometry":{"type":"Polygon","coordinates":[[[-60.70968507977005,-31.652275760054515],[-60.71002049003589,-31.653405699745008],[-60.711257830406545,-31.65321393991762],[-60.710911919733356,-31.652093080131788],[-60.70968507977005,-31.652275760054515]]]}},{"type":"Feature","id":"820632404","properties":{"radio":"820632404","population":580,"dwellings":340,"households":277,"rented_households":151,"occupied_dwellings":274,"rented_pct":54.5,"source":"INDEC · Censo 2022"},"geometry":{"type":"Polygon","coordinates":[[[-60.711257830406545,-31.65321393991762],[-60.71159327031678,-31.654343869731296],[-60.71548378038753,-31.653672799876475],[-60.71514302963733,-31.652542900138346],[-60.711257830406545,-31.65321393991762]]]}},{"type":"Feature","id":"820632405","properties":{"radio":"820632405","population":483,"dwellings":381,"households":261,"rented_households":161,"occupied_dwellings":257,"rented_pct":61.7,"source":"INDEC · Censo 2022"},"geometry":{"type":"Polygon","coordinates":[[[-60.70902382000794,-31.654745970379427],[-60.71159327031678,-31.654343869731296],[-60.711257830406545,-31.65321393991762],[-60.70867792999599,-31.653625100012363],[-60.70902382000794,-31.654745970379427]]]}},{"type":"Feature","id":"820632406","properties":{"radio":"820632406","population":359,"dwellings":266,"households":195,"rented_households":91,"occupied_dwellings":195,"rented_pct":46.7,"source":"INDEC · Censo 2022"},"geometry":{"type":"Polygon","coordinates":[[[-60.70806350030797,-31.656018379656473],[-60.710632990142685,-31.655616309747632],[-60.71032435955378,-31.65454483998238],[-60.70775476012461,-31.654928869900044],[-60.70806350030797,-31.656018379656473]]]}},{"type":"Feature","id":"820632407","properties":{"radio":"820632407","population":283,"dwellings":247,"households":154,"rented_households":65,"occupied_dwellings":153,"rented_pct":42.2,"source":"INDEC · Censo 2022"},"geometry":{"type":"Polygon","coordinates":[[[-60.70933242993559,-31.655817440119733],[-60.70966245030973,-31.656929369741164],[-60.71226916992308,-31.656567640057773],[-60.711917759763715,-31.655419760040434],[-60.70933242993559,-31.655817440119733]]]}},{"type":"Feature","id":"820632408","properties":{"radio":"820632408","population":261,"dwellings":196,"households":141,"rented_households":77,"occupied_dwellings":141,"rented_pct":54.6,"source":"INDEC · Censo 2022"},"geometry":{"type":"Polygon","coordinates":[[[-60.706550469671555,-31.657402069824933],[-60.708372280017194,-31.657112400307554],[-60.70806350030797,-31.656018379656473],[-60.70624688042803,-31.656294489873222],[-60.706550469671555,-31.657402069824933]]]}},{"type":"Feature","id":"820632409","properties":{"radio":"820632409","population":799,"dwellings":341,"households":323,"rented_households":140,"occupied_dwellings":312,"rented_pct":43.3,"source":"INDEC · Censo 2022"},"geometry":{"type":"Polygon","coordinates":[[[-60.70739136015113,-31.658452560135878],[-60.70746162996591,-31.658682140333095],[-60.70801510986024,-31.658674559723277],[-60.70838797987343,-31.659182030254772],[-60.70895402989351,-31.659440419934654],[-60.709909699913574,-31.66032793006544],[-60.710636330078906,-31.660211149842493],[-60.71027985970955,-31.659090349982506],[-60.716845509577254,-31.658012020141243],[-60.716489490162175,-31.656958869981732],[-60.70739136015113,-31.658452560135878]]]}},{"type":"Feature","id":"820632410","properties":{"radio":"820632410","population":498,"dwellings":245,"households":219,"rented_households":81,"occupied_dwellings":218,"rented_pct":37.0,"source":"INDEC · Censo 2022"},"geometry":{"type":"Polygon","coordinates":[[[-60.710636330078906,-31.660211149842493],[-60.714569440057055,-31.65956240978317],[-60.71716961993515,-31.659029270276328],[-60.716845509577254,-31.658012020141243],[-60.71027985970955,-31.659090349982506],[-60.710636330078906,-31.660211149842493]]]}},{"type":"Feature","id":"820632411","properties":{"radio":"820632411","population":1013,"dwellings":443,"households":397,"rented_households":122,"occupied_dwellings":386,"rented_pct":30.7,"source":"INDEC · Censo 2022"},"geometry":{"type":"Polygon","coordinates":[[[-60.71096648969192,-31.661336610274176],[-60.71748892969614,-31.660105169803167],[-60.71716961993515,-31.659029270276328],[-60.709909699913574,-31.66032793006544],[-60.71061988012942,-31.66081997990294],[-60.71096648969192,-31.661336610274176]]]}},{"type":"Feature","id":"820632412","properties":{"radio":"820632412","population":340,"dwellings":236,"households":185,"rented_households":52,"occupied_dwellings":185,"rented_pct":28.1,"source":"INDEC · Censo 2022"},"geometry":{"type":"Polygon","coordinates":[[[-60.71096648969192,-31.661336610274176],[-60.71154041973368,-31.66262754971691],[-60.71232825032269,-31.662929779742523],[-60.71281839000632,-31.662909000155125],[-60.712672030192024,-31.66238224978723],[-60.71525609968382,-31.661799630134233],[-60.71489381990951,-31.660615749880858],[-60.71096648969192,-31.661336610274176]]]}},{"type":"Feature","id":"820632413","properties":{"radio":"820632413","population":614,"dwellings":364,"households":287,"rented_households":140,"occupied_dwellings":285,"rented_pct":48.8,"source":"INDEC · Censo 2022"},"geometry":{"type":"Polygon","coordinates":[[[-60.718937139698276,-31.664696390097504],[-60.71785638017321,-31.661270980288535],[-60.712672030192024,-31.66238224978723],[-60.71281839000632,-31.662909000155125],[-60.71232825032269,-31.662929779742523],[-60.71154041973368,-31.66262754971691],[-60.71075811019042,-31.66097252972585],[-60.709464660148775,-31.660037300123733],[-60.70895402989351,-31.659440419934654],[-60.70838797987343,-31.659182030254772],[-60.7079303196772,-31.65861640983425],[-60.70746162996591,-31.658682140333095],[-60.70736448974435,-31.658385070039692],[-60.70514500959547,-31.659073729907952],[-60.70645449007334,-31.661438320068196],[-60.70721100000165,-31.66248026003945],[-60.707677169938556,-31.66277529027669],[-60.70781817040387,-31.66329305973193],[-60.7091670096676,-31.66526961015605],[-60.710635640172775,-31.66635267028611],[-60.71110553003327,-31.66644022998951],[-60.71118271957071,-31.666191800017494],[-60.714516119655045,-31.66637157972091],[-60.71486585984629,-31.665914190057222],[-60.71731672984269,-31.664452990282754],[-60.71747283997109,-31.664186070233143],[-60.71738052010934,-31.663834869740835],[-60.7181514201502,-31.663988359650585],[-60.718937139698276,-31.664696390097504]]]}},{"type":"Feature","id":"820632414","properties":{"radio":"820632414","population":923,"dwellings":372,"households":377,"rented_households":128,"occupied_dwellings":363,"rented_pct":34.0,"source":"INDEC · Censo 2022"},"geometry":{"type":"Polygon","coordinates":[[[-60.70613505005661,-31.654054040040172],[-60.70867792999599,-31.653625100012363],[-60.70804950994573,-31.651392030150028],[-60.7053498398533,-31.651993170134403],[-60.705127579584,-31.653275009681902],[-60.70463171044549,-31.65322814999884],[-60.70414317964453,-31.653456300152346],[-60.70409525991401,-31.656888060212793],[-60.70514500959547,-31.659073729907952],[-60.70736448974435,-31.658385070039692],[-60.707061329895524,-31.65733610979087],[-60.706550469671555,-31.657402069824933],[-60.70624688042803,-31.656294489873222],[-60.70674715041313,-31.65622408027832],[-60.70613505005661,-31.654054040040172]]]}},{"type":"Feature","id":"820632415","properties":{"radio":"820632415","population":765,"dwellings":386,"households":355,"rented_households":131,"occupied_dwellings":346,"rented_pct":36.9,"source":"INDEC · Censo 2022"},"geometry":{"type":"Polygon","coordinates":[[[-60.71514302963733,-31.652542900138346],[-60.71477027011692,-31.651363580365498],[-60.710911919733356,-31.652093080131788],[-60.711257830406545,-31.65321393991762],[-60.71514302963733,-31.652542900138346]]]}},{"type":"Feature","id":"820632416","properties":{"radio":"820632416","population":591,"dwellings":403,"households":312,"rented_households":154,"occupied_dwellings":308,"rented_pct":49.4,"source":"INDEC · Censo 2022"},"geometry":{"type":"Polygon","coordinates":[[[-60.710632990142685,-31.655616309747632],[-60.71452932039815,-31.655008360133344],[-60.71417833963349,-31.653919100054903],[-60.71032435955378,-31.65454483998238],[-60.710632990142685,-31.655616309747632]]]}},{"type":"Feature","id":"820632417","properties":{"radio":"820632417","population":261,"dwellings":183,"households":141,"rented_households":71,"occupied_dwellings":141,"rented_pct":50.4,"source":"INDEC · Censo 2022"},"geometry":{"type":"Polygon","coordinates":[[[-60.71452932039815,-31.655008360133344],[-60.71486470012126,-31.6561247596851],[-60.716175549631636,-31.65589195012859],[-60.71582985006252,-31.654807179836038],[-60.71452932039815,-31.655008360133344]]]}},{"type":"Feature","id":"820632418","properties":{"radio":"820632418","population":486,"dwellings":234,"households":194,"rented_households":61,"occupied_dwellings":192,"rented_pct":31.4,"source":"INDEC · Censo 2022"},"geometry":{"type":"Polygon","coordinates":[[[-60.70739136015113,-31.658452560135878],[-60.71009205971289,-31.657964099993336],[-60.716489490162175,-31.656958869981732],[-60.716175549631636,-31.65589195012859],[-60.707061329895524,-31.65733610979087],[-60.70739136015113,-31.658452560135878]]]}},{"type":"Feature","id":"820632419","properties":{"radio":"820632419","population":285,"dwellings":210,"households":164,"rented_households":92,"occupied_dwellings":164,"rented_pct":56.1,"source":"INDEC · Censo 2022"},"geometry":{"type":"Polygon","coordinates":[[[-60.7083742904468,-31.652513010034678],[-60.710911919733356,-31.652093080131788],[-60.71055514034354,-31.65092717973672],[-60.70804950994573,-31.651392030150028],[-60.7083742904468,-31.652513010034678]]]}},{"type":"Feature","id":"820632420","properties":{"radio":"820632420","population":361,"dwellings":249,"households":199,"rented_households":138,"occupied_dwellings":196,"rented_pct":69.3,"source":"INDEC · Censo 2022"},"geometry":{"type":"Polygon","coordinates":[[[-60.71002049003589,-31.653405699745008],[-60.70968507977005,-31.652275760054515],[-60.7083742904468,-31.652513010034678],[-60.70867792999599,-31.653625100012363],[-60.71002049003589,-31.653405699745008]]]}},{"type":"Feature","id":"820632421","properties":{"radio":"820632421","population":313,"dwellings":239,"households":174,"rented_households":87,"occupied_dwellings":171,"rented_pct":50.0,"source":"INDEC · Censo 2022"},"geometry":{"type":"Polygon","coordinates":[[[-60.70966245030973,-31.656929369741164],[-60.70933242993559,-31.655817440119733],[-60.70806350030797,-31.656018379656473],[-60.708372280017194,-31.657112400307554],[-60.70966245030973,-31.656929369741164]]]}},{"type":"Feature","id":"820632422","properties":{"radio":"820632422","population":490,"dwellings":197,"households":197,"rented_households":69,"occupied_dwellings":191,"rented_pct":35.0,"source":"INDEC · Censo 2022"},"geometry":{"type":"Polygon","coordinates":[[[-60.71785638017321,-31.661270980288535],[-60.71748892969614,-31.660105169803167],[-60.71489381990951,-31.660615749880858],[-60.71525609968382,-31.661799630134233],[-60.71785638017321,-31.661270980288535]]]}},{"type":"Feature","id":"820632423","properties":{"radio":"820632423","population":244,"dwellings":128,"households":125,"rented_households":70,"occupied_dwellings":119,"rented_pct":56.0,"source":"INDEC · Censo 2022"},"geometry":{"type":"Polygon","coordinates":[[[-60.71582985006252,-31.654807179836038],[-60.71548378038753,-31.653672799876475],[-60.71417833963349,-31.653919100054903],[-60.71452932039815,-31.655008360133344],[-60.71582985006252,-31.654807179836038]]]}},{"type":"Feature","id":"820632424","properties":{"radio":"820632424","population":422,"dwellings":302,"households":219,"rented_households":98,"occupied_dwellings":219,"rented_pct":44.7,"source":"INDEC · Censo 2022"},"geometry":{"type":"Polygon","coordinates":[[[-60.71486470012126,-31.6561247596851],[-60.71452932039815,-31.655008360133344],[-60.711917759763715,-31.655419760040434],[-60.71226916992308,-31.656567640057773],[-60.71486470012126,-31.6561247596851]]]}},{"type":"Feature","id":"820632501","properties":{"radio":"820632501","population":1062,"dwellings":342,"households":336,"rented_households":21,"occupied_dwellings":333,"rented_pct":6.3,"source":"INDEC · Censo 2022"},"geometry":{"type":"Polygon","coordinates":[[[-60.72109850962807,-31.65511571015024],[-60.73070872965671,-31.65378945985073],[-60.73331873979895,-31.653869179696883],[-60.73356375978428,-31.653520559999464],[-60.732198200178175,-31.652144090363254],[-60.73179232965471,-31.65147455007576],[-60.73167619994636,-31.65078079986095],[-60.7299394600581,-31.651137950110638],[-60.729236869708096,-31.652296320259953],[-60.72849768019677,-31.652819090267258],[-60.72078413970282,-31.653999199833507],[-60.72109850962807,-31.65511571015024]]]}},{"type":"Feature","id":"820632502","properties":{"radio":"820632502","population":385,"dwellings":222,"households":167,"rented_households":76,"occupied_dwellings":167,"rented_pct":45.5,"source":"INDEC · Censo 2022"},"geometry":{"type":"Polygon","coordinates":[[[-60.72524378999822,-31.653315599722173],[-60.72493866014397,-31.652036720090678],[-60.72043767027751,-31.65281975019047],[-60.72078413970282,-31.653999199833507],[-60.72524378999822,-31.653315599722173]]]}},{"type":"Feature","id":"820632503","properties":{"radio":"820632503","population":521,"dwellings":281,"households":242,"rented_households":81,"occupied_dwellings":234,"rented_pct":33.5,"source":"INDEC · Censo 2022"},"geometry":{"type":"Polygon","coordinates":[[[-60.72038868334844,-31.652828503540018],[-60.718126490104424,-31.653207040193287],[-60.71548378038753,-31.653672799876475],[-60.71582985006252,-31.654807179836038],[-60.72078413970282,-31.653999199833507],[-60.72038868334844,-31.652828503540018]]]}},{"type":"Feature","id":"820632504","properties":{"radio":"820632504","population":561,"dwellings":288,"households":235,"rented_households":100,"occupied_dwellings":231,"rented_pct":42.6,"source":"INDEC · Censo 2022"},"geometry":{"type":"Polygon","coordinates":[[[-60.716489490162175,-31.656958869981732],[-60.720459670018826,-31.656354829660735],[-60.721797039593,-31.656144360158276],[-60.721498709985475,-31.655059329766743],[-60.72012439000869,-31.655260989727818],[-60.716175549631636,-31.65589195012859],[-60.716489490162175,-31.656958869981732]]]}},{"type":"Feature","id":"820632505","properties":{"radio":"820632505","population":519,"dwellings":211,"households":201,"rented_households":86,"occupied_dwellings":196,"rented_pct":42.8,"source":"INDEC · Censo 2022"},"geometry":{"type":"Polygon","coordinates":[[[-60.721498709985475,-31.655059329766743],[-60.722073409883414,-31.657116780221187],[-60.72273669983807,-31.656995789619018],[-60.72247100961806,-31.65604134006183],[-60.72590419995407,-31.655539380125063],[-60.725664579741924,-31.6545532299508],[-60.721498709985475,-31.655059329766743]]]}},{"type":"Feature","id":"820632506","properties":{"radio":"820632506","population":975,"dwellings":312,"households":300,"rented_households":41,"occupied_dwellings":295,"rented_pct":13.7,"source":"INDEC · Censo 2022"},"geometry":{"type":"Polygon","coordinates":[[[-60.725664579741924,-31.6545532299508],[-60.726271270443775,-31.65732293031866],[-60.72928663008663,-31.65664287970931],[-60.72910693019888,-31.65590891028111],[-60.728780600103924,-31.65597391015174],[-60.72823918997376,-31.654146269729324],[-60.725664579741924,-31.6545532299508]]]}},{"type":"Feature","id":"820632507","properties":{"radio":"820632507","population":519,"dwellings":258,"households":208,"rented_households":58,"occupied_dwellings":208,"rented_pct":27.9,"source":"INDEC · Censo 2022"},"geometry":{"type":"Polygon","coordinates":[[[-60.722073409883414,-31.657116780221187],[-60.72232782983988,-31.657976600371935],[-60.726271270443775,-31.65732293031866],[-60.72590419995407,-31.655539380125063],[-60.72247100961806,-31.65604134006183],[-60.72273669983807,-31.656995789619018],[-60.722073409883414,-31.657116780221187]]]}},{"type":"Feature","id":"820632508","properties":{"radio":"820632508","population":556,"dwellings":281,"households":240,"rented_households":83,"occupied_dwellings":239,"rented_pct":34.6,"source":"INDEC · Censo 2022"},"geometry":{"type":"Polygon","coordinates":[[[-60.716845509577254,-31.658012020141243],[-60.722073409883414,-31.657116780221187],[-60.721797039593,-31.656144360158276],[-60.716489490162175,-31.656958869981732],[-60.716845509577254,-31.658012020141243]]]}},{"type":"Feature","id":"820632509","properties":{"radio":"820632509","population":458,"dwellings":227,"households":203,"rented_households":74,"occupied_dwellings":202,"rented_pct":36.5,"source":"INDEC · Censo 2022"},"geometry":{"type":"Polygon","coordinates":[[[-60.718151209944416,-31.657792740339552],[-60.719203880048866,-31.660997349986776],[-60.72035681022385,-31.660787940057595],[-60.71945691031156,-31.657573460020366],[-60.718151209944416,-31.657792740339552]]]}},{"type":"Feature","id":"820632510","properties":{"radio":"820632510","population":441,"dwellings":208,"households":184,"rented_households":46,"occupied_dwellings":181,"rented_pct":25.0,"source":"INDEC · Censo 2022"},"geometry":{"type":"Polygon","coordinates":[[[-60.72035681022385,-31.660787940057595],[-60.722946450168706,-31.66025474029585],[-60.72261025028373,-31.65904817967252],[-60.72133637992203,-31.65929437002522],[-60.721011980306635,-31.658245569910786],[-60.719743419886605,-31.658496230172037],[-60.72035681022385,-31.660787940057595]]]}},{"type":"Feature","id":"820632511","properties":{"radio":"820632511","population":808,"dwellings":356,"households":304,"rented_households":90,"occupied_dwellings":302,"rented_pct":29.6,"source":"INDEC · Censo 2022"},"geometry":{"type":"Polygon","coordinates":[[[-60.726715620302436,-31.659552439777496],[-60.726271270443775,-31.65732293031866],[-60.72232782983988,-31.657976600371935],[-60.722946450168706,-31.66025474029585],[-60.724278279832525,-31.660003690231424],[-60.72423498013752,-31.65985963994272],[-60.726715620302436,-31.659552439777496]]]}},{"type":"Feature","id":"820632512","properties":{"radio":"820632512","population":274,"dwellings":141,"households":106,"rented_households":19,"occupied_dwellings":106,"rented_pct":17.9,"source":"INDEC · Censo 2022"},"geometry":{"type":"Polygon","coordinates":[[[-60.722946450168706,-31.66025474029585],[-60.723288829564524,-31.661578499732308],[-60.72443668964804,-31.661396130179238],[-60.72711339970014,-31.661890439900393],[-60.72719666005225,-31.6617501796581],[-60.726715620302436,-31.659552439777496],[-60.72423498013752,-31.65985963994272],[-60.724278279832525,-31.660003690231424],[-60.722946450168706,-31.66025474029585]]]}},{"type":"Feature","id":"820632513","properties":{"radio":"820632513","population":594,"dwellings":264,"households":239,"rented_households":64,"occupied_dwellings":239,"rented_pct":26.8,"source":"INDEC · Censo 2022"},"geometry":{"type":"Polygon","coordinates":[[[-60.71857400023625,-31.663408809990727],[-60.72350218034281,-31.66257832982747],[-60.722946450168706,-31.66025474029585],[-60.71785638017321,-31.661270980288535],[-60.71857400023625,-31.663408809990727]]]}},{"type":"Feature","id":"820632514","properties":{"radio":"820632514","population":784,"dwellings":274,"households":259,"rented_households":44,"occupied_dwellings":253,"rented_pct":17.0,"source":"INDEC · Censo 2022"},"geometry":{"type":"Polygon","coordinates":[[[-60.7299394600581,-31.651137950110638],[-60.72493866014397,-31.652036720090678],[-60.72524378999822,-31.653315599722173],[-60.72849768019677,-31.652819090267258],[-60.729236869708096,-31.652296320259953],[-60.7299394600581,-31.651137950110638]]]}},{"type":"Feature","id":"820632515","properties":{"radio":"820632515","population":615,"dwellings":381,"households":287,"rented_households":98,"occupied_dwellings":282,"rented_pct":34.1,"source":"INDEC · Censo 2022"},"geometry":{"type":"Polygon","coordinates":[[[-60.72109850962807,-31.65511571015024],[-60.72078413970282,-31.653999199833507],[-60.71582985006252,-31.654807179836038],[-60.716175549631636,-31.65589195012859],[-60.72109850962807,-31.65511571015024]]]}},{"type":"Feature","id":"820632516","properties":{"radio":"820632516","population":471,"dwellings":235,"households":192,"rented_households":70,"occupied_dwellings":190,"rented_pct":36.5,"source":"INDEC · Censo 2022"},"geometry":{"type":"Polygon","coordinates":[[[-60.716845509577254,-31.658012020141243],[-60.71785638017321,-31.661270980288535],[-60.719203880048866,-31.660997349986776],[-60.718151209944416,-31.657792740339552],[-60.716845509577254,-31.658012020141243]]]}},{"type":"Feature","id":"820632517","properties":{"radio":"820632517","population":291,"dwellings":140,"households":128,"rented_households":42,"occupied_dwellings":128,"rented_pct":32.8,"source":"INDEC · Censo 2022"},"geometry":{"type":"Polygon","coordinates":[[[-60.722073409883414,-31.657116780221187],[-60.71945691031156,-31.657573460020366],[-60.719743419886605,-31.658496230172037],[-60.721011980306635,-31.658245569910786],[-60.72133637992203,-31.65929437002522],[-60.72261025028373,-31.65904817967252],[-60.722073409883414,-31.657116780221187]]]}},{"type":"Feature","id":"820632601","properties":{"radio":"820632601","population":966,"dwellings":292,"households":285,"rented_households":7,"occupied_dwellings":283,"rented_pct":2.5,"source":"INDEC · Censo 2022"},"geometry":{"type":"Polygon","coordinates":[[[-60.73971439966882,-31.65403969014973],[-60.73983154986335,-31.65418781981938],[-60.74007907974158,-31.652829119876124],[-60.741356190326485,-31.649687830329345],[-60.74188453985073,-31.646523819824434],[-60.736161680399434,-31.64604741965803],[-60.735744490205064,-31.646617980297037],[-60.73582481037126,-31.64744720976233],[-60.733635239629756,-31.647856619673384],[-60.735557210332956,-31.653626330379968],[-60.73971439966882,-31.65403969014973]]]}},{"type":"Feature","id":"820632602","properties":{"radio":"820632602","population":1317,"dwellings":415,"households":420,"rented_households":24,"occupied_dwellings":411,"rented_pct":5.7,"source":"INDEC · Censo 2022"},"geometry":{"type":"Polygon","coordinates":[[[-60.736161680399434,-31.64604741965803],[-60.7349839800788,-31.645761110210625],[-60.73094942964384,-31.64682590033549],[-60.73156527956833,-31.64873426008903],[-60.73160970036083,-31.64969447031326],[-60.73413628036938,-31.64923354969034],[-60.733635239629756,-31.647856619673384],[-60.73582481037126,-31.64744720976233],[-60.735744490205064,-31.646617980297037],[-60.736161680399434,-31.64604741965803]]]}},{"type":"Feature","id":"820632603","properties":{"radio":"820632603","population":934,"dwellings":302,"households":300,"rented_households":30,"occupied_dwellings":298,"rented_pct":10.0,"source":"INDEC · Censo 2022"},"geometry":{"type":"Polygon","coordinates":[[[-60.73070872965671,-31.65378945985073],[-60.73134673023948,-31.656500329815703],[-60.731227740295274,-31.65678959979854],[-60.73459839980264,-31.656382449795217],[-60.73397828018562,-31.653946549625932],[-60.73070872965671,-31.65378945985073]]]}},{"type":"Feature","id":"820632604","properties":{"radio":"820632604","population":1093,"dwellings":336,"households":321,"rented_households":24,"occupied_dwellings":315,"rented_pct":7.5,"source":"INDEC · Censo 2022"},"geometry":{"type":"Polygon","coordinates":[[[-60.72910693019888,-31.65590891028111],[-60.72937945030998,-31.657052690319095],[-60.731227740295274,-31.65678959979854],[-60.73134673023948,-31.656500329815703],[-60.73070872965671,-31.65378945985073],[-60.72823918997376,-31.654146269729324],[-60.728780600103924,-31.65597391015174],[-60.72910693019888,-31.65590891028111]]]}},{"type":"Feature","id":"820632605","properties":{"radio":"820632605","population":796,"dwellings":218,"households":221,"rented_households":11,"occupied_dwellings":218,"rented_pct":5.0,"source":"INDEC · Censo 2022"},"geometry":{"type":"Polygon","coordinates":[[[-60.72937945030998,-31.657052690319095],[-60.72963770966596,-31.658394949943183],[-60.734898079578066,-31.6576207503018],[-60.73459839980264,-31.656382449795217],[-60.72937945030998,-31.657052690319095]]]}},{"type":"Feature","id":"820632606","properties":{"radio":"820632606","population":978,"dwellings":329,"households":325,"rented_households":38,"occupied_dwellings":322,"rented_pct":11.7,"source":"INDEC · Censo 2022"},"geometry":{"type":"Polygon","coordinates":[[[-60.72711339970014,-31.661890439900393],[-60.72989277012121,-31.662699749749272],[-60.730998299791914,-31.661823160275507],[-60.73218730002051,-31.66150971970972],[-60.732618050284096,-31.659969610081852],[-60.726999469965904,-31.660799869650262],[-60.72711339970014,-31.661890439900393]]]}},{"type":"Feature","id":"820632607","properties":{"radio":"820632607","population":1123,"dwellings":402,"households":401,"rented_households":38,"occupied_dwellings":396,"rented_pct":9.5,"source":"INDEC · Censo 2022"},"geometry":{"type":"Polygon","coordinates":[[[-60.722443820309365,-31.662746649767744],[-60.724976339978554,-31.66503648021405],[-60.72563628999699,-31.66447810015772],[-60.726703440045505,-31.665436990137405],[-60.72707030032943,-31.665155330216166],[-60.727819119780605,-31.665178120155396],[-60.72784597042445,-31.664564719655154],[-60.72817075002721,-31.66429681972138],[-60.72681662956793,-31.663046480088283],[-60.72750298017426,-31.66249695978825],[-60.72711339970014,-31.661890439900393],[-60.72443668964804,-31.661396130179238],[-60.723288829564524,-31.661578499732308],[-60.72350218034281,-31.66257832982747],[-60.722443820309365,-31.662746649767744]]]}},{"type":"Feature","id":"820632608","properties":{"radio":"820632608","population":922,"dwellings":399,"households":343,"rented_households":67,"occupied_dwellings":341,"rented_pct":19.5,"source":"INDEC · Censo 2022"},"geometry":{"type":"Polygon","coordinates":[[[-60.71857400023625,-31.663408809990727],[-60.71910528994643,-31.665308690258975],[-60.72070736967863,-31.666589270374512],[-60.7239091396244,-31.664068560086253],[-60.722443820309365,-31.662746649767744],[-60.71857400023625,-31.663408809990727]]]}},{"type":"Feature","id":"820632609","properties":{"radio":"820632609","population":614,"dwellings":249,"households":230,"rented_households":50,"occupied_dwellings":227,"rented_pct":21.7,"source":"INDEC · Censo 2022"},"geometry":{"type":"Polygon","coordinates":[[[-60.72070736967863,-31.666589270374512],[-60.721779909618846,-31.667566209791566],[-60.724976339978554,-31.66503648021405],[-60.7239091396244,-31.664068560086253],[-60.72070736967863,-31.666589270374512]]]}},{"type":"Feature","id":"820632610","properties":{"radio":"820632610","population":614,"dwellings":264,"households":235,"rented_households":23,"occupied_dwellings":233,"rented_pct":9.8,"source":"INDEC · Censo 2022"},"geometry":{"type":"Polygon","coordinates":[[[-60.72817075002721,-31.66429681972138],[-60.728867500429565,-31.663729199673153],[-60.72750298017426,-31.66249695978825],[-60.72681662956793,-31.663046480088283],[-60.72817075002721,-31.66429681972138]]]}},{"type":"Feature","id":"820632611","properties":{"radio":"820632611","population":596,"dwellings":247,"households":235,"rented_households":32,"occupied_dwellings":234,"rented_pct":13.6,"source":"INDEC · Censo 2022"},"geometry":{"type":"Polygon","coordinates":[[[-60.726703440045505,-31.665436990137405],[-60.72728750038871,-31.665965750078318],[-60.729493839981636,-31.664271229634394],[-60.728867500429565,-31.663729199673153],[-60.72784597042445,-31.664564719655154],[-60.727819119780605,-31.665178120155396],[-60.72707030032943,-31.665155330216166],[-60.726703440045505,-31.665436990137405]]]}},{"type":"Feature","id":"820632612","properties":{"radio":"820632612","population":954,"dwellings":388,"households":364,"rented_households":45,"occupied_dwellings":362,"rented_pct":12.4,"source":"INDEC · Censo 2022"},"geometry":{"type":"Polygon","coordinates":[[[-60.72728750038871,-31.665965750078318],[-60.728020259759234,-31.66663342973472],[-60.730173470291305,-31.66488509999902],[-60.729493839981636,-31.664271229634394],[-60.72728750038871,-31.665965750078318]]]}},{"type":"Feature","id":"820632613","properties":{"radio":"820632613","population":1177,"dwellings":392,"households":381,"rented_households":35,"occupied_dwellings":379,"rented_pct":9.2,"source":"INDEC · Censo 2022"},"geometry":{"type":"Polygon","coordinates":[[[-60.728020259759234,-31.66663342973472],[-60.72563628999699,-31.66447810015772],[-60.724976339978554,-31.66503648021405],[-60.729048679842585,-31.66870178027709],[-60.72893568974616,-31.669085709632235],[-60.72853262016974,-31.669457760145793],[-60.725088620405934,-31.672025059737148],[-60.725058569963046,-31.672228149998478],[-60.723514649857286,-31.671668749712595],[-60.724546739558555,-31.67081968028581],[-60.72429216958345,-31.670627230085742],[-60.724475370205866,-31.670454840252386],[-60.72382226984148,-31.669863339816487],[-60.72397696961488,-31.66941605021255],[-60.7223544801594,-31.668915709987385],[-60.72283120979249,-31.668520719865196],[-60.71910528994643,-31.665308690258975],[-60.71872400990555,-31.66440449007478],[-60.718008560172244,-31.66392153036146],[-60.71738052010934,-31.663834869740835],[-60.71747283997109,-31.664186070233143],[-60.71731672984269,-31.664452990282754],[-60.71486585984629,-31.665914190057222],[-60.714516119655045,-31.66637157972091],[-60.71118271957071,-31.666191800017494],[-60.71110553003327,-31.66644022998951],[-60.71135406961789,-31.66653805016955],[-60.711553500102525,-31.667109599752457],[-60.712988689922945,-31.66863921983063],[-60.71320432960858,-31.66857038004836],[-60.713247640083374,-31.66802902963555],[-60.71267780995257,-31.667973599790677],[-60.712233929912806,-31.667150900148847],[-60.7137945496997,-31.66715570010116],[-60.71352927000978,-31.669005950087303],[-60.71544356999877,-31.67043817022216],[-60.71779562980551,-31.671196029708128],[-60.72103332966769,-31.671930810328835],[-60.72423802991791,-31.673161700313276],[-60.72837960024594,-31.673494339818326],[-60.72988658971207,-31.674044869961886],[-60.73069293996897,-31.67467154006391],[-60.73217459963903,-31.675348429754905],[-60.7339190398859,-31.67524372000157],[-60.73563256012067,-31.67456199022367],[-60.73928756965315,-31.67203376005408],[-60.73725400034389,-31.672239419865782],[-60.73625041957645,-31.67201074014518],[-60.735235210117686,-31.670974979778112],[-60.73362104984154,-31.670204180145078],[-60.73384141017397,-31.669395779736373],[-60.73350267973485,-31.66923088020773],[-60.7337268004151,-31.668900429637777],[-60.732355729644716,-31.668195850339814],[-60.731093600263776,-31.667260669751364],[-60.7320415097381,-31.665104360004083],[-60.73297784980989,-31.664837460176088],[-60.73373030025143,-31.663980900279427],[-60.73405704985962,-31.6639654899018],[-60.72711339970014,-31.661890439900393],[-60.72750298017426,-31.66249695978825],[-60.730173470291305,-31.66488509999902],[-60.728020259759234,-31.66663342973472]]]}},{"type":"Feature","id":"820632614","properties":{"radio":"820632614","population":1090,"dwellings":364,"households":355,"rented_households":29,"occupied_dwellings":349,"rented_pct":8.2,"source":"INDEC · Censo 2022"},"geometry":{"type":"Polygon","coordinates":[[[-60.72603298961972,-31.66599993965655],[-60.72396315981401,-31.667635009796225],[-60.726129270153564,-31.669566150072523],[-60.72681050036276,-31.669030190200875],[-60.72787790014291,-31.670011620104454],[-60.72893568974616,-31.669085709632235],[-60.729048679842585,-31.66870178027709],[-60.72603298961972,-31.66599993965655]]]}},{"type":"Feature","id":"820632615","properties":{"radio":"820632615","population":1259,"dwellings":391,"households":394,"rented_households":30,"occupied_dwellings":388,"rented_pct":7.6,"source":"INDEC · Censo 2022"},"geometry":{"type":"Polygon","coordinates":[[[-60.72396315981401,-31.667635009796225],[-60.7223544801594,-31.668915709987385],[-60.72397696961488,-31.66941605021255],[-60.72382226984148,-31.669863339816487],[-60.724475370205866,-31.670454840252386],[-60.72429216958345,-31.670627230085742],[-60.724546739558555,-31.67081968028581],[-60.723514649857286,-31.671668749712595],[-60.725058569963046,-31.672228149998478],[-60.725088620405934,-31.672025059737148],[-60.72787790014291,-31.670011620104454],[-60.72681050036276,-31.669030190200875],[-60.726129270153564,-31.669566150072523],[-60.72396315981401,-31.667635009796225]]]}},{"type":"Feature","id":"820632616","properties":{"radio":"820632616","population":1379,"dwellings":406,"households":411,"rented_households":25,"occupied_dwellings":404,"rented_pct":6.1,"source":"INDEC · Censo 2022"},"geometry":{"type":"Polygon","coordinates":[[[-60.72989277012121,-31.662699749749272],[-60.73788350016913,-31.665165409720604],[-60.74585552998776,-31.666557480240165],[-60.746661239745876,-31.665123369853486],[-60.7474837300335,-31.66183588034286],[-60.74800133031705,-31.6606379101216],[-60.74872656000886,-31.659695750382095],[-60.75099293041895,-31.657666840066234],[-60.751021039602506,-31.655263289840036],[-60.73356375978428,-31.653520559999464],[-60.73331873979895,-31.653869179696883],[-60.73397828018562,-31.653946549625932],[-60.734898079578066,-31.6576207503018],[-60.73399241966818,-31.657756730181124],[-60.733838540056645,-31.658970580012713],[-60.73334213013233,-31.659532570108876],[-60.732618050284096,-31.659969610081852],[-60.73218730002051,-31.66150971970972],[-60.730998299791914,-31.661823160275507],[-60.72989277012121,-31.662699749749272]]]}},{"type":"Feature","id":"820632617","properties":{"radio":"820632617","population":899,"dwellings":274,"households":271,"rented_households":55,"occupied_dwellings":267,"rented_pct":20.3,"source":"INDEC · Censo 2022"},"geometry":{"type":"Polygon","coordinates":[[[-60.732618050284096,-31.659969610081852],[-60.73352013040756,-31.659373730360134],[-60.73393614021565,-31.658645359765142],[-60.72674271977961,-31.659646980070548],[-60.726999469965904,-31.660799869650262],[-60.732618050284096,-31.659969610081852]]]}},{"type":"Feature","id":"820632618","properties":{"radio":"820632618","population":1172,"dwellings":389,"households":355,"rented_households":14,"occupied_dwellings":348,"rented_pct":3.9,"source":"INDEC · Censo 2022"},"geometry":{"type":"Polygon","coordinates":[[[-60.73413628036938,-31.64923354969034],[-60.73160970036083,-31.64969447031326],[-60.73156568021695,-31.65080398026494],[-60.73188334965423,-31.651654390373647],[-60.73356375978428,-31.653520559999464],[-60.73968905010981,-31.65416610002197],[-60.73971439966882,-31.65403969014973],[-60.735557210332956,-31.653626330379968],[-60.73413628036938,-31.64923354969034]]]}},{"type":"Feature","id":"820632619","properties":{"radio":"820632619","population":876,"dwellings":288,"households":279,"rented_households":19,"occupied_dwellings":276,"rented_pct":6.8,"source":"INDEC · Censo 2022"},"geometry":{"type":"Polygon","coordinates":[[[-60.726578080147604,-31.658813719709894],[-60.72963770966596,-31.658394949943183],[-60.72928663008663,-31.65664287970931],[-60.726271270443775,-31.65732293031866],[-60.726578080147604,-31.658813719709894]]]}},{"type":"Feature","id":"820632620","properties":{"radio":"820632620","population":650,"dwellings":217,"households":206,"rented_households":38,"occupied_dwellings":205,"rented_pct":18.4,"source":"INDEC · Censo 2022"},"geometry":{"type":"Polygon","coordinates":[[[-60.72283120979249,-31.668520719865196],[-60.72603298961972,-31.66599993965655],[-60.724976339978554,-31.66503648021405],[-60.721779909618846,-31.667566209791566],[-60.72283120979249,-31.668520719865196]]]}},{"type":"Feature","id":"820632621","properties":{"radio":"820632621","population":904,"dwellings":369,"households":370,"rented_households":12,"occupied_dwellings":363,"rented_pct":3.2,"source":"INDEC · Censo 2022"},"geometry":{"type":"Polygon","coordinates":[[[-60.74585552998776,-31.666557480240165],[-60.73788350016913,-31.665165409720604],[-60.73383556034484,-31.66395774992302],[-60.73297784980989,-31.664837460176088],[-60.7320415097381,-31.665104360004083],[-60.731093600263776,-31.667260669751364],[-60.732355729644716,-31.668195850339814],[-60.7337268004151,-31.668900429637777],[-60.73350267973485,-31.66923088020773],[-60.73384141017397,-31.669395779736373],[-60.73362104984154,-31.670204180145078],[-60.735235210117686,-31.670974979778112],[-60.73625041957645,-31.67201074014518],[-60.73725400034389,-31.672239419865782],[-60.73928756965315,-31.67203376005408],[-60.74311826001079,-31.669743400243995],[-60.74468401995776,-31.668404069976123],[-60.74585552998776,-31.666557480240165]]]}},{"type":"Feature","id":"820632622","properties":{"radio":"820632622","population":784,"dwellings":238,"households":239,"rented_households":26,"occupied_dwellings":234,"rented_pct":10.9,"source":"INDEC · Censo 2022"},"geometry":{"type":"Polygon","coordinates":[[[-60.72674271977961,-31.659646980070548],[-60.73393614021565,-31.658645359765142],[-60.73399241966818,-31.657756730181124],[-60.726578080147604,-31.658813719709894],[-60.72674271977961,-31.659646980070548]]]}},{"type":"Feature","id":"820633101","properties":{"radio":"820633101","population":938,"dwellings":321,"households":316,"rented_households":44,"occupied_dwellings":312,"rented_pct":13.9,"source":"INDEC · Censo 2022"},"geometry":{"type":"Polygon","coordinates":[[[-60.6891998701832,-31.579987879866003],[-60.699926210121454,-31.57744047969955],[-60.697795099942,-31.570652179749107],[-60.69564443972703,-31.571119330029646],[-60.69615710017484,-31.57277595009997],[-60.69307577005417,-31.573464570180764],[-60.69272609005003,-31.57247442976949],[-60.69033898965903,-31.573028460103508],[-60.69010166015085,-31.571555210246984],[-60.6899018595603,-31.571601390099563],[-60.69007293023143,-31.572660139872404],[-60.6824789501119,-31.574234060024835],[-60.683204390009486,-31.578374190254728],[-60.68422998039971,-31.578165789718373],[-60.68427866998641,-31.578341389622476],[-60.68398414025252,-31.57840159017675],[-60.68431484963449,-31.579689460077386],[-60.68492491979843,-31.579559939901113],[-60.685201520057554,-31.58064969025341],[-60.68560669977658,-31.580593410143447],[-60.685881729780604,-31.581466729872133],[-60.6893004796984,-31.580776450091047],[-60.6891998701832,-31.579987879866003]]]}},{"type":"Feature","id":"820633102","properties":{"radio":"820633102","population":701,"dwellings":224,"households":220,"rented_households":27,"occupied_dwellings":215,"rented_pct":12.3,"source":"INDEC · Censo 2022"},"geometry":{"type":"Polygon","coordinates":[[[-60.68218340977332,-31.570538049912983],[-60.68272480014056,-31.57183381972065],[-60.68973023013705,-31.570465979641906],[-60.68945484979009,-31.568830599790612],[-60.68218340977332,-31.570538049912983]]]}},{"type":"Feature","id":"820633103","properties":{"radio":"820633103","population":1200,"dwellings":398,"households":388,"rented_households":57,"occupied_dwellings":382,"rented_pct":14.7,"source":"INDEC · Censo 2022"},"geometry":{"type":"Polygon","coordinates":[[[-60.68272480014056,-31.57183381972065],[-60.683477699739726,-31.57396268017305],[-60.69007293023143,-31.572660139872404],[-60.68973023013705,-31.570465979641906],[-60.68272480014056,-31.57183381972065]]]}},{"type":"Feature","id":"820633104","properties":{"radio":"820633104","population":812,"dwellings":245,"households":240,"rented_households":15,"occupied_dwellings":236,"rented_pct":6.3,"source":"INDEC · Censo 2022"},"geometry":{"type":"Polygon","coordinates":[[[-60.67862927026747,-31.587390020376287],[-60.678962709629566,-31.58397474962377],[-60.68574270021902,-31.58262183964706],[-60.68546074959405,-31.581523099756723],[-60.685881729780604,-31.581466729872133],[-60.68572482015161,-31.580899400211422],[-60.68560669977658,-31.580593410143447],[-60.685201520057554,-31.58064969025341],[-60.68492491979843,-31.579559939901113],[-60.68431484963449,-31.579689460077386],[-60.68398414025252,-31.57840159017675],[-60.68427866998641,-31.578341389622476],[-60.68422998039971,-31.578165789718373],[-60.683204390009486,-31.578374190254728],[-60.6824789501119,-31.574234060024835],[-60.683477699739726,-31.57396268017305],[-60.68218340977332,-31.570538049912983],[-60.679207440357374,-31.571234790107557],[-60.67862927026747,-31.587390020376287]]]}},{"type":"Feature","id":"820633105","properties":{"radio":"820633105","population":114,"dwellings":34,"households":32,"rented_households":13,"occupied_dwellings":32,"rented_pct":40.6,"source":"INDEC · Censo 2022"},"geometry":{"type":"Polygon","coordinates":[[[-60.6730899303405,-31.596509970362558],[-60.67569362981787,-31.595941589918883],[-60.678529250047106,-31.587399570357583],[-60.679207440357374,-31.571234790107557],[-60.6649053797869,-31.574588230011965],[-60.671924089578255,-31.586018570150742],[-60.6730899303405,-31.596509970362558]]]}},{"type":"Feature","id":"820633106","properties":{"radio":"820633106","population":1184,"dwellings":377,"households":380,"rented_households":39,"occupied_dwellings":375,"rented_pct":10.3,"source":"INDEC · Censo 2022"},"geometry":{"type":"Polygon","coordinates":[[[-60.689823849861035,-31.5824646003547],[-60.69052237982596,-31.58504463011619],[-60.69070121014453,-31.58500759009253],[-60.690863860008164,-31.585633489750382],[-60.694229540153955,-31.584875730304947],[-60.693776020292866,-31.583385639982875],[-60.69585863043011,-31.582936919695193],[-60.69536825987945,-31.581451530047588],[-60.69008363994625,-31.58269316969595],[-60.69000798023977,-31.58243203992413],[-60.689823849861035,-31.5824646003547]]]}},{"type":"Feature","id":"820633107","properties":{"radio":"820633107","population":1040,"dwellings":303,"households":300,"rented_households":46,"occupied_dwellings":296,"rented_pct":15.3,"source":"INDEC · Censo 2022"},"geometry":{"type":"Polygon","coordinates":[[[-60.7036254697665,-31.58888265986089],[-60.70100502030234,-31.58083003019406],[-60.696972379685675,-31.58183058975992],[-60.69596438998683,-31.58157454968233],[-60.69545431039882,-31.581690060328633],[-60.69585863043011,-31.582936919695193],[-60.69600591011927,-31.582909059654842],[-60.69800807971609,-31.589337340027566],[-60.700716389804924,-31.58871828022677],[-60.70097478031493,-31.58945637018155],[-60.7036254697665,-31.58888265986089]]]}},{"type":"Feature","id":"820633108","properties":{"radio":"820633108","population":849,"dwellings":271,"households":256,"rented_households":43,"occupied_dwellings":250,"rented_pct":16.8,"source":"INDEC · Censo 2022"},"geometry":{"type":"Polygon","coordinates":[[[-60.6984733100152,-31.590971650014378],[-60.70808224994457,-31.588907640158915],[-60.7084536000083,-31.587859439825053],[-60.70097478031493,-31.58945637018155],[-60.700716389804924,-31.58871828022677],[-60.69792923009203,-31.589360319953364],[-60.6984733100152,-31.590971650014378]]]}},{"type":"Feature","id":"820633109","properties":{"radio":"820633109","population":703,"dwellings":220,"households":214,"rented_households":13,"occupied_dwellings":214,"rented_pct":6.1,"source":"INDEC · Censo 2022"},"geometry":{"type":"Polygon","coordinates":[[[-60.68329025996749,-31.5879784397279],[-60.68506240964763,-31.594033890236734],[-60.68853377029835,-31.593271200223125],[-60.686877499696635,-31.58724223964749],[-60.68329025996749,-31.5879784397279]]]}},{"type":"Feature","id":"820633110","properties":{"radio":"820633110","population":1042,"dwellings":324,"households":327,"rented_households":11,"occupied_dwellings":323,"rented_pct":3.4,"source":"INDEC · Censo 2022"},"geometry":{"type":"Polygon","coordinates":[[[-60.677631199766,-31.59942147977341],[-60.67869901007624,-31.59919035004074],[-60.67841845992479,-31.598280969661843],[-60.67948629987944,-31.598054349867017],[-60.67863931972056,-31.595317230140452],[-60.67569362981787,-31.595941589918883],[-60.67508991972614,-31.59769888033257],[-60.67499915035656,-31.59826300968275],[-60.67516930025454,-31.59920905966432],[-60.67536917001536,-31.59916291032387],[-60.67531478960131,-31.598928710255574],[-60.67738737004843,-31.59848935964349],[-60.677631199766,-31.59942147977341]]]}},{"type":"Feature","id":"820633111","properties":{"radio":"820633111","population":1266,"dwellings":373,"households":375,"rented_households":17,"occupied_dwellings":371,"rented_pct":4.5,"source":"INDEC · Censo 2022"},"geometry":{"type":"Polygon","coordinates":[[[-60.67863931972056,-31.595317230140452],[-60.67948629987944,-31.598054349867017],[-60.68374174963604,-31.597143320225815],[-60.68295853009938,-31.594496079839267],[-60.67863931972056,-31.595317230140452]]]}},{"type":"Feature","id":"820633112","properties":{"radio":"820633112","population":876,"dwellings":247,"households":246,"rented_households":28,"occupied_dwellings":241,"rented_pct":11.4,"source":"INDEC · Censo 2022"},"geometry":{"type":"Polygon","coordinates":[[[-60.68374174963604,-31.597143320225815],[-60.689343650036015,-31.595940820175304],[-60.68881923962429,-31.594121909803924],[-60.686378860153766,-31.59467163979011],[-60.68667553955614,-31.59561699016975],[-60.683482660236734,-31.59629245995827],[-60.68374174963604,-31.597143320225815]]]}},{"type":"Feature","id":"820633113","properties":{"radio":"820633113","population":700,"dwellings":255,"households":234,"rented_households":52,"occupied_dwellings":234,"rented_pct":22.2,"source":"INDEC · Censo 2022"},"geometry":{"type":"Polygon","coordinates":[[[-60.689597960398004,-31.596850309863594],[-60.69102868020155,-31.5965449697555],[-60.690784790296874,-31.595621890224336],[-60.686934660396474,-31.59646783977423],[-60.68743793973776,-31.59828235990929],[-60.68987331020226,-31.597755179951417],[-60.689597960398004,-31.596850309863594]]]}},{"type":"Feature","id":"820633114","properties":{"radio":"820633114","population":749,"dwellings":247,"households":235,"rented_households":29,"occupied_dwellings":230,"rented_pct":12.3,"source":"INDEC · Censo 2022"},"geometry":{"type":"Polygon","coordinates":[[[-60.69438975019329,-31.59582330030281],[-60.6935412599664,-31.592937490149847],[-60.69496670037105,-31.592641150268708],[-60.69469736029602,-31.59183996993446],[-60.69197874024268,-31.592508569770825],[-60.691759810028145,-31.596387699632995],[-60.69438975019329,-31.59582330030281]]]}},{"type":"Feature","id":"820633115","properties":{"radio":"820633115","population":786,"dwellings":232,"households":221,"rented_households":7,"occupied_dwellings":217,"rented_pct":3.2,"source":"INDEC · Censo 2022"},"geometry":{"type":"Polygon","coordinates":[[[-60.6984733100152,-31.590971650014378],[-60.69909284033742,-31.592808029706077],[-60.70303725022351,-31.591925119832847],[-60.70248632962945,-31.59011543971749],[-60.6984733100152,-31.590971650014378]]]}},{"type":"Feature","id":"820633116","properties":{"radio":"820633116","population":804,"dwellings":264,"households":245,"rented_households":49,"occupied_dwellings":243,"rented_pct":20.0,"source":"INDEC · Censo 2022"},"geometry":{"type":"Polygon","coordinates":[[[-60.697795099942,-31.570652179749107],[-60.6966729900661,-31.567073440031713],[-60.68945484979009,-31.568830599790612],[-60.6899018595603,-31.571601390099563],[-60.69010166015085,-31.571555210246984],[-60.69033898965903,-31.573028460103508],[-60.69272609005003,-31.57247442976949],[-60.69307577005417,-31.573464570180764],[-60.69615710017484,-31.57277595009997],[-60.69564443972703,-31.571119330029646],[-60.697795099942,-31.570652179749107]]]}},{"type":"Feature","id":"820633117","properties":{"radio":"820633117","population":1340,"dwellings":415,"households":410,"rented_households":48,"occupied_dwellings":401,"rented_pct":11.7,"source":"INDEC · Censo 2022"},"geometry":{"type":"Polygon","coordinates":[[[-60.69536825987945,-31.581451530047588],[-60.694479069682004,-31.578746309787945],[-60.6891998701832,-31.579987879866003],[-60.6893004796984,-31.580776450091047],[-60.68546074959405,-31.581523099756723],[-60.685910679787256,-31.583261249868034],[-60.69000798023977,-31.58243203992413],[-60.69008363994625,-31.58269316969595],[-60.69536825987945,-31.581451530047588]]]}},{"type":"Feature","id":"820633118","properties":{"radio":"820633118","population":1317,"dwellings":414,"households":405,"rented_households":40,"occupied_dwellings":404,"rented_pct":9.9,"source":"INDEC · Censo 2022"},"geometry":{"type":"Polygon","coordinates":[[[-60.68701909035508,-31.58787276993987],[-60.69124835961103,-31.587056329794176],[-60.69150250019142,-31.587943280246748],[-60.6971721497335,-31.586731050172247],[-60.69600591011927,-31.582909059654842],[-60.693776020292866,-31.583385639982875],[-60.694229540153955,-31.584875730304947],[-60.690863860008164,-31.585633489750382],[-60.69070121014453,-31.58500759009253],[-60.69050622003232,-31.584995109752356],[-60.68293254004158,-31.586600519731157],[-60.68329025996749,-31.5879784397279],[-60.686877499696635,-31.58724223964749],[-60.68701909035508,-31.58787276993987]]]}},{"type":"Feature","id":"820633119","properties":{"radio":"820633119","population":944,"dwellings":285,"households":280,"rented_households":36,"occupied_dwellings":277,"rented_pct":12.9,"source":"INDEC · Censo 2022"},"geometry":{"type":"Polygon","coordinates":[[[-60.69050622003232,-31.584995109752356],[-60.689823849861035,-31.5824646003547],[-60.685910679787256,-31.583261249868034],[-60.68574270021902,-31.58262183964706],[-60.678962709629566,-31.58397474962377],[-60.67862927026747,-31.587390020376287],[-60.681990899909614,-31.586776900345708],[-60.682721090098426,-31.589388370131815],[-60.68365742028874,-31.589202990258435],[-60.68293254004158,-31.586600519731157],[-60.69050622003232,-31.584995109752356]]]}},{"type":"Feature","id":"820633120","properties":{"radio":"820633120","population":991,"dwellings":337,"households":325,"rented_households":50,"occupied_dwellings":320,"rented_pct":15.4,"source":"INDEC · Censo 2022"},"geometry":{"type":"Polygon","coordinates":[[[-60.7084536000083,-31.587859439825053],[-60.70885111979288,-31.58678855017505],[-60.70581666017047,-31.58745467021053],[-60.70503412964163,-31.584969889649674],[-60.7038194600538,-31.58525615964454],[-60.70417582981184,-31.586413069718144],[-60.702940199833485,-31.58671749032559],[-60.7036254697665,-31.58888265986089],[-60.7084536000083,-31.587859439825053]]]}},{"type":"Feature","id":"820633121","properties":{"radio":"820633121","population":665,"dwellings":226,"households":211,"rented_households":32,"occupied_dwellings":207,"rented_pct":15.2,"source":"INDEC · Censo 2022"},"geometry":{"type":"Polygon","coordinates":[[[-60.69219361995358,-31.592358600322786],[-60.6984733100152,-31.590971650014378],[-60.6971721497335,-31.586731050172247],[-60.69150250019142,-31.587943280246748],[-60.692270769965134,-31.590680739831686],[-60.69219361995358,-31.592358600322786]]]}},{"type":"Feature","id":"820633122","properties":{"radio":"820633122","population":910,"dwellings":307,"households":284,"rented_households":9,"occupied_dwellings":280,"rented_pct":3.2,"source":"INDEC · Censo 2022"},"geometry":{"type":"Polygon","coordinates":[[[-60.67863931972056,-31.595317230140452],[-60.67804936014086,-31.593146899822447],[-60.68020058988771,-31.592675529789528],[-60.67939784007847,-31.59022226011797],[-60.68277518035662,-31.589581980180597],[-60.681990899909614,-31.586776900345708],[-60.678529250047106,-31.587399570357583],[-60.67569362981787,-31.595941589918883],[-60.67863931972056,-31.595317230140452]]]}},{"type":"Feature","id":"820633123","properties":{"radio":"820633123","population":1375,"dwellings":371,"households":366,"rented_households":31,"occupied_dwellings":363,"rented_pct":8.5,"source":"INDEC · Censo 2022"},"geometry":{"type":"Polygon","coordinates":[[[-60.67863931972056,-31.595317230140452],[-60.68506240964763,-31.594033890236734],[-60.68365742028874,-31.589202990258435],[-60.682721090098426,-31.589388370131815],[-60.68277518035662,-31.589581980180597],[-60.67939784007847,-31.59022226011797],[-60.68020058988771,-31.592675529789528],[-60.67804936014086,-31.593146899822447],[-60.67863931972056,-31.595317230140452]]]}},{"type":"Feature","id":"820633124","properties":{"radio":"820633124","population":925,"dwellings":309,"households":306,"rented_households":37,"occupied_dwellings":302,"rented_pct":12.1,"source":"INDEC · Censo 2022"},"geometry":{"type":"Polygon","coordinates":[[[-60.68853377029835,-31.593271200223125],[-60.69219361995358,-31.592358600322786],[-60.692270769965134,-31.590680739831686],[-60.69124835961103,-31.587056329794176],[-60.68701909035508,-31.58787276993987],[-60.68853377029835,-31.593271200223125]]]}},{"type":"Feature","id":"820633125","properties":{"radio":"820633125","population":876,"dwellings":248,"households":250,"rented_households":18,"occupied_dwellings":246,"rented_pct":7.2,"source":"INDEC · Censo 2022"},"geometry":{"type":"Polygon","coordinates":[[[-60.68881923962429,-31.594121909803924],[-60.68853377029835,-31.593271200223125],[-60.68295853009938,-31.594496079839267],[-60.683482660236734,-31.59629245995827],[-60.68667553955614,-31.59561699016975],[-60.686378860153766,-31.59467163979011],[-60.68881923962429,-31.594121909803924]]]}},{"type":"Feature","id":"820633126","properties":{"radio":"820633126","population":831,"dwellings":240,"households":240,"rented_households":20,"occupied_dwellings":235,"rented_pct":8.3,"source":"INDEC · Censo 2022"},"geometry":{"type":"Polygon","coordinates":[[[-60.691698579960075,-31.597371040214462],[-60.69197874024268,-31.592508569770825],[-60.68853377029835,-31.593271200223125],[-60.689343650036015,-31.595940820175304],[-60.690784790296874,-31.595621890224336],[-60.691277700384845,-31.59744997976972],[-60.691698579960075,-31.597371040214462]]]}},{"type":"Feature","id":"820633127","properties":{"radio":"820633127","population":638,"dwellings":196,"households":192,"rented_households":24,"occupied_dwellings":187,"rented_pct":12.5,"source":"INDEC · Censo 2022"},"geometry":{"type":"Polygon","coordinates":[[[-60.69602711035997,-31.593555270093976],[-60.69909284033742,-31.592808029706077],[-60.6984733100152,-31.590971650014378],[-60.69469736029602,-31.59183996993446],[-60.69496670037105,-31.592641150268708],[-60.6935412599664,-31.592937490149847],[-60.69414080007859,-31.594931830076142],[-60.69630238021416,-31.594442089813974],[-60.69602711035997,-31.593555270093976]]]}},{"type":"Feature","id":"820633128","properties":{"radio":"820633128","population":914,"dwellings":246,"households":252,"rented_households":27,"occupied_dwellings":246,"rented_pct":10.7,"source":"INDEC · Censo 2022"},"geometry":{"type":"Polygon","coordinates":[[[-60.70248632962945,-31.59011543971749],[-60.70330744998626,-31.592829990323622],[-60.70594769023444,-31.592256290064547],[-60.70570383985561,-31.591355790125057],[-60.70729245024845,-31.59104938981398],[-60.70808224994457,-31.588907640158915],[-60.70248632962945,-31.59011543971749]]]}},{"type":"Feature","id":"820633201","properties":{"radio":"820633201","population":636,"dwellings":195,"households":189,"rented_households":17,"occupied_dwellings":189,"rented_pct":9.0,"source":"INDEC · Censo 2022"},"geometry":{"type":"Polygon","coordinates":[[[-60.718504960215085,-31.581738390159128],[-60.718605300235694,-31.58314471036689],[-60.722771970391065,-31.582471880304627],[-60.72241320033459,-31.58103096028037],[-60.718504960215085,-31.581738390159128]]]}},{"type":"Feature","id":"820633202","properties":{"radio":"820633202","population":1087,"dwellings":363,"households":353,"rented_households":46,"occupied_dwellings":346,"rented_pct":13.0,"source":"INDEC · Censo 2022"},"geometry":{"type":"Polygon","coordinates":[[[-60.718605300235694,-31.58314471036689],[-60.718684089672635,-31.584488019620427],[-60.72027240002818,-31.58416342970597],[-60.72028386971772,-31.5842851203508],[-60.718669180333855,-31.584605340288178],[-60.71874273977922,-31.58595319005145],[-60.723234830036176,-31.585111669896772],[-60.723655009823794,-31.583589679909014],[-60.722408399737716,-31.583822199783864],[-60.722370589647404,-31.583700660054674],[-60.72303860024888,-31.583575140079844],[-60.722771970391065,-31.582471880304627],[-60.718605300235694,-31.58314471036689]]]}},{"type":"Feature","id":"820633203","properties":{"radio":"820633203","population":776,"dwellings":276,"households":243,"rented_households":49,"occupied_dwellings":238,"rented_pct":20.2,"source":"INDEC · Censo 2022"},"geometry":{"type":"Polygon","coordinates":[[[-60.71168271017973,-31.587160600146767],[-60.716415910055574,-31.586146629704132],[-60.71665956011008,-31.586321120290343],[-60.71874273977922,-31.58595319005145],[-60.718669180333855,-31.584605340288178],[-60.72028386971772,-31.5842851203508],[-60.72027240002818,-31.58416342970597],[-60.718684089672635,-31.584488019620427],[-60.718605300235694,-31.58314471036689],[-60.71569071000817,-31.58361649976589],[-60.71612322995285,-31.58507056034317],[-60.71161704962067,-31.58614639018616],[-60.71168271017973,-31.587160600146767]]]}},{"type":"Feature","id":"820633204","properties":{"radio":"820633204","population":924,"dwellings":309,"households":298,"rented_households":37,"occupied_dwellings":292,"rented_pct":12.4,"source":"INDEC · Censo 2022"},"geometry":{"type":"Polygon","coordinates":[[[-60.707705560294805,-31.589946849821963],[-60.70812109040252,-31.589863380030796],[-60.70836513032585,-31.59078642020868],[-60.71173641955226,-31.590068760178696],[-60.71182568963362,-31.591416520200934],[-60.712015090428125,-31.59138390015275],[-60.711174979686206,-31.580652090165966],[-60.707705560294805,-31.589946849821963]]]}},{"type":"Feature","id":"820633205","properties":{"radio":"820633205","population":1447,"dwellings":409,"households":416,"rented_households":37,"occupied_dwellings":402,"rented_pct":8.9,"source":"INDEC · Censo 2022"},"geometry":{"type":"Polygon","coordinates":[[[-60.707705560294805,-31.589946849821963],[-60.70651237032373,-31.59308737985281],[-60.708884590122054,-31.59260077019304],[-60.70916003963931,-31.593496569885257],[-60.71193719032331,-31.592917479995123],[-60.71173641955226,-31.590068760178696],[-60.70836513032585,-31.59078642020868],[-60.70812109040252,-31.589863380030796],[-60.707705560294805,-31.589946849821963]]]}},{"type":"Feature","id":"820633206","properties":{"radio":"820633206","population":1042,"dwellings":356,"households":347,"rented_households":43,"occupied_dwellings":346,"rented_pct":12.4,"source":"INDEC · Censo 2022"},"geometry":{"type":"Polygon","coordinates":[[[-60.712015090428125,-31.59138390015275],[-60.71829591955354,-31.59019438006494],[-60.71787740973402,-31.588514790240595],[-60.71682528041538,-31.588701069842294],[-60.7167626696367,-31.58809266988052],[-60.71566805000511,-31.588234090316057],[-60.71537148019723,-31.587338409903523],[-60.71337817966721,-31.587755379924747],[-60.71310274003143,-31.58686409037581],[-60.71168271017973,-31.587160600146767],[-60.712015090428125,-31.59138390015275]]]}},{"type":"Feature","id":"820633207","properties":{"radio":"820633207","population":1009,"dwellings":316,"households":310,"rented_households":50,"occupied_dwellings":305,"rented_pct":16.1,"source":"INDEC · Censo 2022"},"geometry":{"type":"Polygon","coordinates":[[[-60.71829591955354,-31.59019438006494],[-60.719016590295276,-31.590059560167813],[-60.71829838992056,-31.587083000199566],[-60.71874273977922,-31.58595319005145],[-60.71665956011008,-31.586321120290343],[-60.716415910055574,-31.586146629704132],[-60.71310274003143,-31.58686409037581],[-60.71337817966721,-31.587755379924747],[-60.71537148019723,-31.587338409903523],[-60.71566805000511,-31.588234090316057],[-60.7167626696367,-31.58809266988052],[-60.71682528041538,-31.588701069842294],[-60.71787740973402,-31.588514790240595],[-60.71829591955354,-31.59019438006494]]]}},{"type":"Feature","id":"820633208","properties":{"radio":"820633208","population":723,"dwellings":253,"households":248,"rented_households":50,"occupied_dwellings":243,"rented_pct":20.2,"source":"INDEC · Censo 2022"},"geometry":{"type":"Polygon","coordinates":[[[-60.72553100025917,-31.586406340277172],[-60.72098575039866,-31.587189609813784],[-60.72168891028058,-31.58957103009788],[-60.724897839799155,-31.58899372017151],[-60.72553100025917,-31.586406340277172]]]}},{"type":"Feature","id":"820633209","properties":{"radio":"820633209","population":1410,"dwellings":420,"households":419,"rented_households":42,"occupied_dwellings":414,"rented_pct":10.0,"source":"INDEC · Censo 2022"},"geometry":{"type":"Polygon","coordinates":[[[-60.715759880285034,-31.59197622962934],[-60.71667192991155,-31.592065819768962],[-60.71691457025966,-31.592794949745585],[-60.7196234498804,-31.592252139712205],[-60.72204521985149,-31.592738999876197],[-60.72367210027208,-31.593297959905293],[-60.724897839799155,-31.58899372017151],[-60.72168891028058,-31.58957103009788],[-60.72146713959312,-31.588819239946567],[-60.720530750114,-31.58898685011832],[-60.7206001099354,-31.589784600095587],[-60.716928290229006,-31.5904590898705],[-60.71677439983769,-31.591001060221306],[-60.71612283020254,-31.59121665010722],[-60.71608919997325,-31.59164070983887],[-60.715759880285034,-31.59197622962934]]]}},{"type":"Feature","id":"820633210","properties":{"radio":"820633210","population":987,"dwellings":345,"households":343,"rented_households":50,"occupied_dwellings":340,"rented_pct":14.6,"source":"INDEC · Censo 2022"},"geometry":{"type":"Polygon","coordinates":[[[-60.71561528027039,-31.59304572977766],[-60.71529596961108,-31.591933739648816],[-60.715759880285034,-31.59197622962934],[-60.71608919997325,-31.59164070983887],[-60.71612283020254,-31.59121665010722],[-60.71677439983769,-31.591001060221306],[-60.716928290229006,-31.5904590898705],[-60.712015090428125,-31.59138390015275],[-60.712064980164065,-31.592402709999273],[-60.71299745029359,-31.59240652978641],[-60.712969229718944,-31.59354300973799],[-60.71561528027039,-31.59304572977766]]]}},{"type":"Feature","id":"820633211","properties":{"radio":"820633211","population":981,"dwellings":290,"households":287,"rented_households":37,"occupied_dwellings":280,"rented_pct":12.9,"source":"INDEC · Censo 2022"},"geometry":{"type":"Polygon","coordinates":[[[-60.71237215997379,-31.596770440147925],[-60.71220956041578,-31.594787290294146],[-60.709679740183994,-31.595337969740076],[-60.709414540444136,-31.594406029876996],[-60.70573816987253,-31.59521099021608],[-60.705350350096374,-31.59617810978376],[-60.70567692992296,-31.596171800350714],[-60.70618681996645,-31.598116970049727],[-60.707538690145924,-31.59783894030993],[-60.70727761007998,-31.59675365973269],[-60.712106650315135,-31.595802439916973],[-60.7122038902497,-31.596811969960147],[-60.71237215997379,-31.596770440147925]]]}},{"type":"Feature","id":"820633212","properties":{"radio":"820633212","population":1347,"dwellings":383,"households":381,"rented_households":35,"occupied_dwellings":374,"rented_pct":9.2,"source":"INDEC · Censo 2022"},"geometry":{"type":"Polygon","coordinates":[[[-60.705350350096374,-31.59617810978376],[-60.70651237032373,-31.59308737985281],[-60.70729245024845,-31.59104938981398],[-60.70570383985561,-31.591355790125057],[-60.70594769023444,-31.592256290064547],[-60.70330744998626,-31.592829990323622],[-60.7036095004157,-31.593766250038122],[-60.70233692991623,-31.594075370002795],[-60.70353026990596,-31.598645679751026],[-60.70618681996645,-31.598116970049727],[-60.70567692992296,-31.596171800350714],[-60.705350350096374,-31.59617810978376]]]}},{"type":"Feature","id":"820633213","properties":{"radio":"820633213","population":898,"dwellings":359,"households":344,"rented_households":98,"occupied_dwellings":343,"rented_pct":28.5,"source":"INDEC · Censo 2022"},"geometry":{"type":"Polygon","coordinates":[[[-60.712969229718944,-31.59354300973799],[-60.71328825022242,-31.594618939932268],[-60.71459194015997,-31.594250920034185],[-60.71488395011949,-31.595236799779386],[-60.71753981027384,-31.59464021989269],[-60.71712062042965,-31.59356036001972],[-60.715821420271894,-31.593824670024688],[-60.71561528027039,-31.59304572977766],[-60.712969229718944,-31.59354300973799]]]}},{"type":"Feature","id":"820633214","properties":{"radio":"820633214","population":566,"dwellings":211,"households":206,"rented_households":60,"occupied_dwellings":203,"rented_pct":29.1,"source":"INDEC · Censo 2022"},"geometry":{"type":"Polygon","coordinates":[[[-60.71753981027384,-31.59464021989269],[-60.71887574973009,-31.594357649994397],[-60.718513280411265,-31.593119649619197],[-60.71998509005423,-31.593381920156336],[-60.72034273003009,-31.594674050053836],[-60.721710830071814,-31.594463420315645],[-60.7217634497879,-31.593773210029024],[-60.72118305007946,-31.59365474013962],[-60.721469989947515,-31.59260697962936],[-60.7196234498804,-31.592252139712205],[-60.71691457025966,-31.592794949745585],[-60.71753981027384,-31.59464021989269]]]}},{"type":"Feature","id":"820633215","properties":{"radio":"820633215","population":667,"dwellings":275,"households":269,"rented_households":130,"occupied_dwellings":259,"rented_pct":48.3,"source":"INDEC · Censo 2022"},"geometry":{"type":"Polygon","coordinates":[[[-60.72034273003009,-31.594674050053836],[-60.720439979846105,-31.594989149796085],[-60.72338005976983,-31.594363789683555],[-60.72367210027208,-31.593297959905293],[-60.721469989947515,-31.59260697962936],[-60.72118305007946,-31.59365474013962],[-60.7217634497879,-31.593773210029024],[-60.721710830071814,-31.594463420315645],[-60.72034273003009,-31.594674050053836]]]}},{"type":"Feature","id":"820633216","properties":{"radio":"820633216","population":923,"dwellings":344,"households":322,"rented_households":56,"occupied_dwellings":318,"rented_pct":17.4,"source":"INDEC · Censo 2022"},"geometry":{"type":"Polygon","coordinates":[[[-60.71237215997379,-31.596770440147925],[-60.720439979846105,-31.594989149796085],[-60.71998509005423,-31.593381920156336],[-60.718513280411265,-31.593119649619197],[-60.71887574973009,-31.594357649994397],[-60.71229103042552,-31.595801410019927],[-60.71237215997379,-31.596770440147925]]]}},{"type":"Feature","id":"820633217","properties":{"radio":"820633217","population":733,"dwellings":260,"households":251,"rented_households":48,"occupied_dwellings":244,"rented_pct":19.1,"source":"INDEC · Censo 2022"},"geometry":{"type":"Polygon","coordinates":[[[-60.72725356024067,-31.58030456978681],[-60.72241320033459,-31.58103096028037],[-60.72303860024888,-31.583575140079844],[-60.722370589647404,-31.583700660054674],[-60.722408399737716,-31.583822199783864],[-60.72625370029513,-31.583142060279215],[-60.726478619577655,-31.58293786019906],[-60.72725356024067,-31.58030456978681]]]}},{"type":"Feature","id":"820633218","properties":{"radio":"820633218","population":1013,"dwellings":334,"households":332,"rented_households":32,"occupied_dwellings":324,"rented_pct":9.6,"source":"INDEC · Censo 2022"},"geometry":{"type":"Polygon","coordinates":[[[-60.718504960215085,-31.581738390159128],[-60.71134054997286,-31.583032039868005],[-60.71161704962067,-31.58614639018616],[-60.71612322995285,-31.58507056034317],[-60.71569071000817,-31.58361649976589],[-60.718605300235694,-31.58314471036689],[-60.718504960215085,-31.581738390159128]]]}},{"type":"Feature","id":"820633219","properties":{"radio":"820633219","population":782,"dwellings":264,"households":262,"rented_households":36,"occupied_dwellings":260,"rented_pct":13.7,"source":"INDEC · Censo 2022"},"geometry":{"type":"Polygon","coordinates":[[[-60.72270076992166,-31.58689583964771],[-60.72247438009701,-31.586229760000773],[-60.72031236966841,-31.586620740150195],[-60.720221160124375,-31.585719409792354],[-60.71874273977922,-31.58595319005145],[-60.71829838992056,-31.587083000199566],[-60.719016590295276,-31.590059560167813],[-60.7206001099354,-31.589784600095587],[-60.720530750114,-31.58898685011832],[-60.72146713959312,-31.588819239946567],[-60.72098575039866,-31.587189609813784],[-60.72270076992166,-31.58689583964771]]]}},{"type":"Feature","id":"820633220","properties":{"radio":"820633220","population":603,"dwellings":221,"households":212,"rented_households":43,"occupied_dwellings":211,"rented_pct":20.3,"source":"INDEC · Censo 2022"},"geometry":{"type":"Polygon","coordinates":[[[-60.72625370029513,-31.583142060279215],[-60.723655009823794,-31.583589679909014],[-60.723234830036176,-31.585111669896772],[-60.720215369584054,-31.585651800347318],[-60.72031236966841,-31.586620740150195],[-60.72247438009701,-31.586229760000773],[-60.72270076992166,-31.58689583964771],[-60.72553100025917,-31.586406340277172],[-60.72625370029513,-31.583142060279215]]]}},{"type":"Feature","id":"820633221","properties":{"radio":"820633221","population":758,"dwellings":303,"households":292,"rented_households":65,"occupied_dwellings":290,"rented_pct":22.3,"source":"INDEC · Censo 2022"},"geometry":{"type":"Polygon","coordinates":[[[-60.71667192991155,-31.592065819768962],[-60.71529596961108,-31.591933739648816],[-60.715821420271894,-31.593824670024688],[-60.71712062042965,-31.59356036001972],[-60.71667192991155,-31.592065819768962]]]}},{"type":"Feature","id":"820633222","properties":{"radio":"820633222","population":794,"dwellings":255,"households":250,"rented_households":47,"occupied_dwellings":247,"rented_pct":18.8,"source":"INDEC · Censo 2022"},"geometry":{"type":"Polygon","coordinates":[[[-60.71220956041578,-31.594787290294146],[-60.712015090428125,-31.59138390015275],[-60.71182568963362,-31.591416520200934],[-60.71193719032331,-31.592917479995123],[-60.70916003963931,-31.593496569885257],[-60.708884590122054,-31.59260077019304],[-60.70651237032373,-31.59308737985281],[-60.70573816987253,-31.59521099021608],[-60.709414540444136,-31.594406029876996],[-60.709679740183994,-31.595337969740076],[-60.71220956041578,-31.594787290294146]]]}},{"type":"Feature","id":"820633223","properties":{"radio":"820633223","population":1309,"dwellings":441,"households":433,"rented_households":48,"occupied_dwellings":431,"rented_pct":11.1,"source":"INDEC · Censo 2022"},"geometry":{"type":"Polygon","coordinates":[[[-60.70303725022351,-31.591925119832847],[-60.69909284033742,-31.592808029706077],[-60.701063450321676,-31.599186819749434],[-60.70353026990596,-31.598645679751026],[-60.70233692991623,-31.594075370002795],[-60.7036095004157,-31.593766250038122],[-60.70303725022351,-31.591925119832847]]]}},{"type":"Feature","id":"820633224","properties":{"radio":"820633224","population":576,"dwellings":249,"households":219,"rented_households":50,"occupied_dwellings":218,"rented_pct":22.8,"source":"INDEC · Censo 2022"},"geometry":{"type":"Polygon","coordinates":[[[-60.71488395011949,-31.595236799779386],[-60.71459194015997,-31.594250920034185],[-60.71328825022242,-31.594618939932268],[-60.71290385033257,-31.593259300227032],[-60.71299745029359,-31.59240652978641],[-60.712064980164065,-31.592402709999273],[-60.71229103042552,-31.595801410019927],[-60.71488395011949,-31.595236799779386]]]}},{"type":"Feature","id":"820633301","properties":{"radio":"820633301","population":1043,"dwellings":284,"households":287,"rented_households":18,"occupied_dwellings":274,"rented_pct":6.3,"source":"INDEC · Censo 2022"},"geometry":{"type":"Polygon","coordinates":[[[-60.73983154986335,-31.65418781981938],[-60.751021039602506,-31.655263289840036],[-60.7507157004408,-31.648100000254182],[-60.75027713034268,-31.645342969901282],[-60.74988220040105,-31.64407820964693],[-60.748470550034355,-31.642224199995084],[-60.74503151975068,-31.640593959746994],[-60.74196062985025,-31.63884874996182],[-60.74247739020901,-31.637551610302957],[-60.7420708702036,-31.636800940257665],[-60.73644518960142,-31.637212280020243],[-60.73928499957313,-31.639748070098673],[-60.73946093012994,-31.640666930210383],[-60.73909491965225,-31.6410388000729],[-60.736359469662055,-31.641717459770668],[-60.73658026028754,-31.642311400048488],[-60.73475017016991,-31.642840500359874],[-60.73544680019801,-31.64496031975273],[-60.73517331978786,-31.645038549792705],[-60.73506827978168,-31.645756110319876],[-60.73709025992548,-31.646159299637386],[-60.74188453985073,-31.646523819824434],[-60.74156127031597,-31.64896066013081],[-60.74007907974158,-31.652829119876124],[-60.73983154986335,-31.65418781981938]]]}},{"type":"Feature","id":"820633302","properties":{"radio":"820633302","population":1048,"dwellings":300,"households":307,"rented_households":15,"occupied_dwellings":300,"rented_pct":4.9,"source":"INDEC · Censo 2022"},"geometry":{"type":"Polygon","coordinates":[[[-60.73452899955707,-31.642196960333855],[-60.73406044010151,-31.64092354965163],[-60.73928499957313,-31.639748070098673],[-60.73644518960142,-31.637212280020243],[-60.7328484699511,-31.637602730233365],[-60.73373720021114,-31.640032590098848],[-60.732422119635785,-31.640364809803216],[-60.733208629701316,-31.64252920977894],[-60.73452899955707,-31.642196960333855]]]}},{"type":"Feature","id":"820633303","properties":{"radio":"820633303","population":1196,"dwellings":375,"households":371,"rented_households":23,"occupied_dwellings":364,"rented_pct":6.2,"source":"INDEC · Censo 2022"},"geometry":{"type":"Polygon","coordinates":[[[-60.728399750356076,-31.63958517984043],[-60.733123129849204,-31.638349679918008],[-60.7328484699511,-31.637602730233365],[-60.733570649862514,-31.63761661995105],[-60.73347970981303,-31.63744580021768],[-60.731286049940366,-31.637305070200952],[-60.72987648007185,-31.637006509793196],[-60.728270059680185,-31.636470069964663],[-60.72704736993349,-31.63580066000596],[-60.728399750356076,-31.63958517984043]]]}},{"type":"Feature","id":"820633304","properties":{"radio":"820633304","population":1122,"dwellings":338,"households":325,"rented_households":29,"occupied_dwellings":315,"rented_pct":8.9,"source":"INDEC · Censo 2022"},"geometry":{"type":"Polygon","coordinates":[[[-60.72896046977327,-31.64119627007853],[-60.73373720021114,-31.640032590098848],[-60.733123129849204,-31.638349679918008],[-60.728399750356076,-31.63958517984043],[-60.72896046977327,-31.64119627007853]]]}},{"type":"Feature","id":"820633305","properties":{"radio":"820633305","population":819,"dwellings":249,"households":255,"rented_households":18,"occupied_dwellings":249,"rented_pct":7.1,"source":"INDEC · Censo 2022"},"geometry":{"type":"Polygon","coordinates":[[[-60.72896046977327,-31.64119627007853],[-60.72971040044043,-31.643410510167307],[-60.733208629701316,-31.64252920977894],[-60.732422119635785,-31.640364809803216],[-60.72896046977327,-31.64119627007853]]]}},{"type":"Feature","id":"820633306","properties":{"radio":"820633306","population":516,"dwellings":212,"households":203,"rented_households":62,"occupied_dwellings":201,"rented_pct":30.5,"source":"INDEC · Censo 2022"},"geometry":{"type":"Polygon","coordinates":[[[-60.7243546501064,-31.64130365975534],[-60.72495493043041,-31.643266259793354],[-60.72927376980502,-31.642168470261275],[-60.72896046977327,-31.64119627007853],[-60.72600976008479,-31.641993180372292],[-60.725690809649905,-31.64096689983215],[-60.7243546501064,-31.64130365975534]]]}},{"type":"Feature","id":"820633307","properties":{"radio":"820633307","population":862,"dwellings":405,"households":334,"rented_households":57,"occupied_dwellings":330,"rented_pct":17.1,"source":"INDEC · Censo 2022"},"geometry":{"type":"Polygon","coordinates":[[[-60.722366929910926,-31.64394829034634],[-60.72324039959092,-31.647158400129893],[-60.72462458037457,-31.64688451032438],[-60.72400273958542,-31.644863409852597],[-60.72971040044043,-31.643410510167307],[-60.72927376980502,-31.642168470261275],[-60.722366929910926,-31.64394829034634]]]}},{"type":"Feature","id":"820633308","properties":{"radio":"820633308","population":884,"dwellings":329,"households":317,"rented_households":47,"occupied_dwellings":313,"rented_pct":14.8,"source":"INDEC · Censo 2022"},"geometry":{"type":"Polygon","coordinates":[[[-60.72400273958542,-31.644863409852597],[-60.72462458037457,-31.64688451032438],[-60.72324039959092,-31.647158400129893],[-60.72354988986755,-31.64832451985976],[-60.72705063980112,-31.64773646968637],[-60.72715223027661,-31.64792077021261],[-60.729761529851466,-31.64725656026678],[-60.728861879670845,-31.64477263009778],[-60.727963779982375,-31.6438353301608],[-60.72400273958542,-31.644863409852597]]]}},{"type":"Feature","id":"820633309","properties":{"radio":"820633309","population":982,"dwellings":336,"households":328,"rented_households":23,"occupied_dwellings":318,"rented_pct":7.0,"source":"INDEC · Censo 2022"},"geometry":{"type":"Polygon","coordinates":[[[-60.7330745399755,-31.646263590212577],[-60.732135580416355,-31.64348229992224],[-60.733429790432695,-31.643172759741574],[-60.733208629701316,-31.64252920977894],[-60.727963779982375,-31.6438353301608],[-60.728861879670845,-31.64477263009778],[-60.729761529851466,-31.64725656026678],[-60.7330745399755,-31.646263590212577]]]}},{"type":"Feature","id":"820633310","properties":{"radio":"820633310","population":945,"dwellings":293,"households":295,"rented_households":17,"occupied_dwellings":286,"rented_pct":5.8,"source":"INDEC · Censo 2022"},"geometry":{"type":"Polygon","coordinates":[[[-60.73544680019801,-31.64496031975273],[-60.73452899955707,-31.642196960333855],[-60.733208629701316,-31.64252920977894],[-60.733429790432695,-31.643172759741574],[-60.732135580416355,-31.64348229992224],[-60.7330745399755,-31.646263590212577],[-60.73506827978168,-31.645756110319876],[-60.73517331978786,-31.645038549792705],[-60.73544680019801,-31.64496031975273]]]}},{"type":"Feature","id":"820633311","properties":{"radio":"820633311","population":548,"dwellings":257,"households":192,"rented_households":7,"occupied_dwellings":191,"rented_pct":3.6,"source":"INDEC · Censo 2022"},"geometry":{"type":"Polygon","coordinates":[[[-60.73406044010151,-31.64092354965163],[-60.73475017016991,-31.642840500359874],[-60.73658026028754,-31.642311400048488],[-60.736359469662055,-31.641717459770668],[-60.739367739800684,-31.64087940025234],[-60.73936074012798,-31.63999564001514],[-60.73917453014938,-31.639775770117524],[-60.73406044010151,-31.64092354965163]]]}},{"type":"Feature","id":"820633312","properties":{"radio":"820633312","population":410,"dwellings":195,"households":175,"rented_households":53,"occupied_dwellings":174,"rented_pct":30.3,"source":"INDEC · Censo 2022"},"geometry":{"type":"Polygon","coordinates":[[[-60.72495493043041,-31.643266259793354],[-60.7243546501064,-31.64130365975534],[-60.72181357039085,-31.64191325991193],[-60.722366929910926,-31.64394829034634],[-60.72495493043041,-31.643266259793354]]]}},{"type":"Feature","id":"820633401","properties":{"radio":"820633401","population":984,"dwellings":282,"households":287,"rented_households":13,"occupied_dwellings":276,"rented_pct":4.5,"source":"INDEC · Censo 2022"},"geometry":{"type":"Polygon","coordinates":[[[-60.738081460111665,-31.56336893005948],[-60.736937489733315,-31.55987184987301],[-60.734298889808834,-31.56051381962308],[-60.73540561962876,-31.56397505967713],[-60.73034401993956,-31.56525314033638],[-60.72999470015987,-31.567735219640923],[-60.737592039978566,-31.56609082985483],[-60.738081460111665,-31.56336893005948]]]}},{"type":"Feature","id":"820633402","properties":{"radio":"820633402","population":829,"dwellings":255,"households":253,"rented_households":16,"occupied_dwellings":250,"rented_pct":6.3,"source":"INDEC · Censo 2022"},"geometry":{"type":"Polygon","coordinates":[[[-60.72377161024935,-31.569366879866777],[-60.72457079015366,-31.571914590198567],[-60.729391239799774,-31.570723789895066],[-60.72999470015987,-31.567735219640923],[-60.72489916032262,-31.568747239670422],[-60.72377161024935,-31.569366879866777]]]}},{"type":"Feature","id":"820633403","properties":{"radio":"820633403","population":930,"dwellings":304,"households":301,"rented_households":35,"occupied_dwellings":295,"rented_pct":11.6,"source":"INDEC · Censo 2022"},"geometry":{"type":"Polygon","coordinates":[[[-60.723210320401954,-31.565564259964507],[-60.72352349017798,-31.56656353984682],[-60.7288235395745,-31.565451210007875],[-60.72875695015745,-31.56501418988666],[-60.73017131972451,-31.56471753006294],[-60.729273270341714,-31.561656370286567],[-60.725088700356,-31.56261358977659],[-60.725822630231335,-31.564900119740404],[-60.723210320401954,-31.565564259964507]]]}},{"type":"Feature","id":"820633404","properties":{"radio":"820633404","population":1173,"dwellings":348,"households":353,"rented_households":27,"occupied_dwellings":344,"rented_pct":7.6,"source":"INDEC · Censo 2022"},"geometry":{"type":"Polygon","coordinates":[[[-60.713013699918776,-31.574477699743994],[-60.72457079015366,-31.571914590198567],[-60.72377161024935,-31.569366879866777],[-60.722693959793496,-31.5696300101755],[-60.72223108038546,-31.570390179703864],[-60.7205119600532,-31.57079669038151],[-60.720306630332075,-31.570121459786122],[-60.71767806009773,-31.57074950980546],[-60.717261999984025,-31.569376519712435],[-60.718481579763186,-31.569076569649685],[-60.71801812992497,-31.567703860311443],[-60.714621700447026,-31.568466920303287],[-60.71424953022145,-31.568698969692193],[-60.713013699918776,-31.574477699743994]]]}},{"type":"Feature","id":"820633405","properties":{"radio":"820633405","population":807,"dwellings":234,"households":236,"rented_households":11,"occupied_dwellings":233,"rented_pct":4.7,"source":"INDEC · Censo 2022"},"geometry":{"type":"Polygon","coordinates":[[[-60.71282957043834,-31.574505790372505],[-60.71313879032207,-31.57292131998078],[-60.710215080397795,-31.573541840127014],[-60.70805732978027,-31.566798950215972],[-60.70266865978433,-31.568077749902436],[-60.70281453989829,-31.56856845992053],[-60.70090082022096,-31.569016360012178],[-60.70073920970809,-31.568534760346253],[-60.69739547001481,-31.569324130066736],[-60.699926210121454,-31.57744047969955],[-60.71282957043834,-31.574505790372505]]]}},{"type":"Feature","id":"820633406","properties":{"radio":"820633406","population":1047,"dwellings":327,"households":316,"rented_households":18,"occupied_dwellings":311,"rented_pct":5.7,"source":"INDEC · Censo 2022"},"geometry":{"type":"Polygon","coordinates":[[[-60.713013699918776,-31.574477699743994],[-60.71239624021327,-31.57708748993855],[-60.71600766977638,-31.576846360367433],[-60.719230930118684,-31.576129320029352],[-60.71895052998591,-31.573222440124223],[-60.713013699918776,-31.574477699743994]]]}},{"type":"Feature","id":"820633407","properties":{"radio":"820633407","population":986,"dwellings":341,"households":339,"rented_households":60,"occupied_dwellings":333,"rented_pct":17.7,"source":"INDEC · Censo 2022"},"geometry":{"type":"Polygon","coordinates":[[[-60.728196040297405,-31.576191289889586],[-60.729391239799774,-31.570723789895066],[-60.723708589838914,-31.57211787993783],[-60.724005819908534,-31.5724138098047],[-60.724403430422974,-31.575473329954452],[-60.72549184988246,-31.575232669942768],[-60.72549077998895,-31.57645468027748],[-60.728196040297405,-31.576191289889586]]]}},{"type":"Feature","id":"820633408","properties":{"radio":"820633408","population":856,"dwellings":288,"households":280,"rented_households":40,"occupied_dwellings":276,"rented_pct":14.3,"source":"INDEC · Censo 2022"},"geometry":{"type":"Polygon","coordinates":[[[-60.730869849689434,-31.57122488028345],[-60.73064249956576,-31.570437069624134],[-60.73542100956622,-31.569291369876403],[-60.735047899702835,-31.5680534796533],[-60.73625719017875,-31.567794000368792],[-60.736641740087265,-31.569144550077677],[-60.737404419644946,-31.56901840968306],[-60.737160050039904,-31.568081889850642],[-60.73736408978027,-31.567909369656906],[-60.73685074032465,-31.566252930244882],[-60.72999470015987,-31.567735219640923],[-60.729106979606215,-31.57209621981326],[-60.72924911015216,-31.572086389677004],[-60.729360789606595,-31.571549150182435],[-60.730869849689434,-31.57122488028345]]]}},{"type":"Feature","id":"820633409","properties":{"radio":"820633409","population":913,"dwellings":290,"households":289,"rented_households":28,"occupied_dwellings":286,"rented_pct":9.7,"source":"INDEC · Censo 2022"},"geometry":{"type":"Polygon","coordinates":[[[-60.737908120296105,-31.570783119797646],[-60.737404419644946,-31.56901840968306],[-60.736641740087265,-31.569144550077677],[-60.73625719017875,-31.567794000368792],[-60.735047899702835,-31.5680534796533],[-60.73542100956622,-31.569291369876403],[-60.73064249956576,-31.570437069624134],[-60.730869849689434,-31.57122488028345],[-60.73328860042286,-31.57071500968773],[-60.73343503030575,-31.5712552802039],[-60.73491267989638,-31.570958200153864],[-60.735059160084916,-31.57150298025355],[-60.737908120296105,-31.570783119797646]]]}},{"type":"Feature","id":"820633410","properties":{"radio":"820633410","population":1197,"dwellings":403,"households":397,"rented_households":51,"occupied_dwellings":391,"rented_pct":12.8,"source":"INDEC · Censo 2022"},"geometry":{"type":"Polygon","coordinates":[[[-60.730918900398905,-31.573461179736736],[-60.73308551020175,-31.573029419840882],[-60.73342195981836,-31.57429458007845],[-60.7367660202102,-31.573562889942593],[-60.73610032007563,-31.571289559699462],[-60.735059160084916,-31.57150298025355],[-60.73491267989638,-31.570958200153864],[-60.73343503030575,-31.5712552802039],[-60.73328860042286,-31.57071500968773],[-60.729360789606595,-31.571549150182435],[-60.72866070016632,-31.574308290206677],[-60.731022169825664,-31.573870929693964],[-60.730918900398905,-31.573461179736736]]]}},{"type":"Feature","id":"820633411","properties":{"radio":"820633411","population":835,"dwellings":301,"households":301,"rented_households":48,"occupied_dwellings":297,"rented_pct":15.9,"source":"INDEC · Censo 2022"},"geometry":{"type":"Polygon","coordinates":[[[-60.728196040297405,-31.576191289889586],[-60.72334851003875,-31.57664268986483],[-60.721423670116515,-31.57702331964825],[-60.7214613903753,-31.579868439669283],[-60.72507597033009,-31.579342950116917],[-60.72508546013276,-31.580569410234716],[-60.726979489637365,-31.580283579654914],[-60.728196040297405,-31.576191289889586]]]}},{"type":"Feature","id":"820633412","properties":{"radio":"820633412","population":996,"dwellings":309,"households":303,"rented_households":53,"occupied_dwellings":302,"rented_pct":17.5,"source":"INDEC · Censo 2022"},"geometry":{"type":"Polygon","coordinates":[[[-60.72143942027839,-31.57838501997099],[-60.71940822970801,-31.578639969847277],[-60.71952004031648,-31.5815387801598],[-60.72508546013276,-31.580569410234716],[-60.72507597033009,-31.579342950116917],[-60.7214613903753,-31.579868439669283],[-60.72143942027839,-31.57838501997099]]]}},{"type":"Feature","id":"820633413","properties":{"radio":"820633413","population":755,"dwellings":259,"households":244,"rented_households":12,"occupied_dwellings":241,"rented_pct":4.9,"source":"INDEC · Censo 2022"},"geometry":{"type":"Polygon","coordinates":[[[-60.714749340269115,-31.582435840223173],[-60.714517559654446,-31.579672969690325],[-60.71145728963729,-31.580370940295605],[-60.71120898002141,-31.580967540379206],[-60.71134054997286,-31.583032039868005],[-60.714749340269115,-31.582435840223173]]]}},{"type":"Feature","id":"820633414","properties":{"radio":"820633414","population":1275,"dwellings":366,"households":362,"rented_households":20,"occupied_dwellings":355,"rented_pct":5.5,"source":"INDEC · Censo 2022"},"geometry":{"type":"Polygon","coordinates":[[[-60.74205011013737,-31.5624260700946],[-60.74086921989916,-31.558938260212006],[-60.736937489733315,-31.55987184987301],[-60.738081460111665,-31.56336893005948],[-60.74205011013737,-31.5624260700946]]]}},{"type":"Feature","id":"820633415","properties":{"radio":"820633415","population":903,"dwellings":274,"households":279,"rented_households":21,"occupied_dwellings":274,"rented_pct":7.5,"source":"INDEC · Censo 2022"},"geometry":{"type":"Polygon","coordinates":[[[-60.729273270341714,-31.561656370286567],[-60.73034401993956,-31.56525314033638],[-60.73540561962876,-31.56397505967713],[-60.734298889808834,-31.56051381962308],[-60.729273270341714,-31.561656370286567]]]}},{"type":"Feature","id":"820633416","properties":{"radio":"820633416","population":723,"dwellings":228,"households":229,"rented_households":47,"occupied_dwellings":225,"rented_pct":20.5,"source":"INDEC · Censo 2022"},"geometry":{"type":"Polygon","coordinates":[[[-60.73034401993956,-31.56525314033638],[-60.73017131972451,-31.56471753006294],[-60.72875695015745,-31.56501418988666],[-60.7288235395745,-31.565451210007875],[-60.72284535017337,-31.566725200079837],[-60.72313188040966,-31.56768404986166],[-60.722449399745585,-31.56796747980005],[-60.722903889787176,-31.569534130091128],[-60.72377161024935,-31.569366879866777],[-60.72489916032262,-31.568747239670422],[-60.72999470015987,-31.567735219640923],[-60.73034401993956,-31.56525314033638]]]}},{"type":"Feature","id":"820633417","properties":{"radio":"820633417","population":761,"dwellings":261,"households":252,"rented_households":20,"occupied_dwellings":248,"rented_pct":7.9,"source":"INDEC · Censo 2022"},"geometry":{"type":"Polygon","coordinates":[[[-60.729273270341714,-31.561656370286567],[-60.72863901034379,-31.559328700365523],[-60.72178480004727,-31.56099994006291],[-60.72210408016386,-31.562111920374726],[-60.72070069968765,-31.56246705032678],[-60.72184354986684,-31.565892140037544],[-60.725822630231335,-31.564900119740404],[-60.725088700356,-31.56261358977659],[-60.729273270341714,-31.561656370286567]]]}},{"type":"Feature","id":"820633418","properties":{"radio":"820633418","population":972,"dwellings":259,"households":261,"rented_households":11,"occupied_dwellings":253,"rented_pct":4.2,"source":"INDEC · Censo 2022"},"geometry":{"type":"Polygon","coordinates":[[[-60.722903889787176,-31.569534130091128],[-60.72245895961686,-31.567841170194175],[-60.72313188040966,-31.56768404986166],[-60.72284535017337,-31.566725200079837],[-60.72352349017798,-31.56656353984682],[-60.723210320401954,-31.565564259964507],[-60.72184354986684,-31.565892140037544],[-60.72070069968765,-31.56246705032678],[-60.72210408016386,-31.562111920374726],[-60.72178480004727,-31.56099994006291],[-60.71546157044044,-31.562582149885912],[-60.71424953022145,-31.568698969692193],[-60.714621700447026,-31.568466920303287],[-60.71801812992497,-31.567703860311443],[-60.718481579763186,-31.569076569649685],[-60.717261999984025,-31.569376519712435],[-60.71767806009773,-31.57074950980546],[-60.720306630332075,-31.570121459786122],[-60.7205119600532,-31.57079669038151],[-60.72223108038546,-31.570390179703864],[-60.722903889787176,-31.569534130091128]]]}},{"type":"Feature","id":"820633419","properties":{"radio":"820633419","population":1418,"dwellings":411,"households":417,"rented_households":23,"occupied_dwellings":411,"rented_pct":5.5,"source":"INDEC · Censo 2022"},"geometry":{"type":"Polygon","coordinates":[[[-60.71014174014136,-31.563865390167578],[-60.71174174027369,-31.569281120020772],[-60.71424953022145,-31.568698969692193],[-60.71546157044044,-31.562582149885912],[-60.71014174014136,-31.563865390167578]]]}},{"type":"Feature","id":"820633420","properties":{"radio":"820633420","population":1489,"dwellings":431,"households":434,"rented_households":19,"occupied_dwellings":429,"rented_pct":4.4,"source":"INDEC · Censo 2022"},"geometry":{"type":"Polygon","coordinates":[[[-60.71014174014136,-31.563865390167578],[-60.701977900246625,-31.565858480062268],[-60.70266865978433,-31.568077749902436],[-60.70805732978027,-31.566798950215972],[-60.709033849698095,-31.56987336037171],[-60.71174174027369,-31.569281120020772],[-60.71014174014136,-31.563865390167578]]]}},{"type":"Feature","id":"820633421","properties":{"radio":"820633421","population":1028,"dwellings":316,"households":295,"rented_households":20,"occupied_dwellings":290,"rented_pct":6.8,"source":"INDEC · Censo 2022"},"geometry":{"type":"Polygon","coordinates":[[[-60.70281453989829,-31.56856845992053],[-60.701977900246625,-31.565858480062268],[-60.6966729900661,-31.567073440031713],[-60.69739547001481,-31.569324130066736],[-60.70073920970809,-31.568534760346253],[-60.70090082022096,-31.569016360012178],[-60.70281453989829,-31.56856845992053]]]}},{"type":"Feature","id":"820633422","properties":{"radio":"820633422","population":1262,"dwellings":382,"households":383,"rented_households":31,"occupied_dwellings":377,"rented_pct":8.1,"source":"INDEC · Censo 2022"},"geometry":{"type":"Polygon","coordinates":[[[-60.71282957043834,-31.574505790372505],[-60.713013699918776,-31.574477699743994],[-60.71424953022145,-31.568698969692193],[-60.709033849698095,-31.56987336037171],[-60.710215080397795,-31.573541840127014],[-60.71313879032207,-31.57292131998078],[-60.71282957043834,-31.574505790372505]]]}},{"type":"Feature","id":"820633423","properties":{"radio":"820633423","population":849,"dwellings":255,"households":251,"rented_households":21,"occupied_dwellings":249,"rented_pct":8.4,"source":"INDEC · Censo 2022"},"geometry":{"type":"Polygon","coordinates":[[[-60.7038194600538,-31.58525615964454],[-60.70503412964163,-31.584969889649674],[-60.70581666017047,-31.58745467021053],[-60.70885111979288,-31.58678855017505],[-60.71239624021327,-31.57708748993855],[-60.713013699918776,-31.574477699743994],[-60.694479069682004,-31.578746309787945],[-60.69545431039882,-31.581690060328633],[-60.69596438998683,-31.58157454968233],[-60.696972379685675,-31.58183058975992],[-60.70100502030234,-31.58083003019406],[-60.702940199833485,-31.58671749032559],[-60.70417582981184,-31.586413069718144],[-60.7038194600538,-31.58525615964454]]]}},{"type":"Feature","id":"820633424","properties":{"radio":"820633424","population":1090,"dwellings":328,"households":323,"rented_households":26,"occupied_dwellings":318,"rented_pct":8.0,"source":"INDEC · Censo 2022"},"geometry":{"type":"Polygon","coordinates":[[[-60.719230930118684,-31.576129320029352],[-60.72435225968945,-31.5749866198931],[-60.724005819908534,-31.5724138098047],[-60.723708589838914,-31.57211787993783],[-60.71895052998591,-31.573222440124223],[-60.719230930118684,-31.576129320029352]]]}},{"type":"Feature","id":"820633425","properties":{"radio":"820633425","population":851,"dwellings":261,"households":258,"rented_households":29,"occupied_dwellings":255,"rented_pct":11.2,"source":"INDEC · Censo 2022"},"geometry":{"type":"Polygon","coordinates":[[[-60.72435225968945,-31.5749866198931],[-60.719230930118684,-31.576129320029352],[-60.71940822970801,-31.578639969847277],[-60.72143942027839,-31.57838501997099],[-60.721423670116515,-31.57702331964825],[-60.72549077998895,-31.57645468027748],[-60.72549184988246,-31.575232669942768],[-60.724403430422974,-31.575473329954452],[-60.72435225968945,-31.5749866198931]]]}},{"type":"Feature","id":"820633426","properties":{"radio":"820633426","population":896,"dwellings":256,"households":251,"rented_households":17,"occupied_dwellings":247,"rented_pct":6.8,"source":"INDEC · Censo 2022"},"geometry":{"type":"Polygon","coordinates":[[[-60.71120898002141,-31.580967540379206],[-60.71204043998712,-31.57878495023306],[-60.71613908970919,-31.57818937009717],[-60.71935186042393,-31.577472399783574],[-60.719230930118684,-31.576129320029352],[-60.71600766977638,-31.576846360367433],[-60.71239624021327,-31.57708748993855],[-60.711174979686206,-31.580652090165966],[-60.71120898002141,-31.580967540379206]]]}},{"type":"Feature","id":"820633427","properties":{"radio":"820633427","population":762,"dwellings":234,"households":228,"rented_households":17,"occupied_dwellings":227,"rented_pct":7.5,"source":"INDEC · Censo 2022"},"geometry":{"type":"Polygon","coordinates":[[[-60.71145728963729,-31.580370940295605],[-60.71777772997514,-31.57894674998753],[-60.71781500017797,-31.57968605991104],[-60.719484389776106,-31.57964060037142],[-60.71935186042393,-31.577472399783574],[-60.71613908970919,-31.57818937009717],[-60.71204043998712,-31.57878495023306],[-60.71145728963729,-31.580370940295605]]]}},{"type":"Feature","id":"820633428","properties":{"radio":"820633428","population":816,"dwellings":269,"households":272,"rented_households":16,"occupied_dwellings":266,"rented_pct":5.9,"source":"INDEC · Censo 2022"},"geometry":{"type":"Polygon","coordinates":[[[-60.714749340269115,-31.582435840223173],[-60.71952004031648,-31.5815387801598],[-60.719484389776106,-31.57964060037142],[-60.71781500017797,-31.57968605991104],[-60.71777772997514,-31.57894674998753],[-60.714517559654446,-31.579672969690325],[-60.714749340269115,-31.582435840223173]]]}},{"type":"Feature","id":"820633501","properties":{"radio":"820633501","population":787,"dwellings":268,"households":246,"rented_households":26,"occupied_dwellings":244,"rented_pct":10.6,"source":"INDEC · Censo 2022"},"geometry":{"type":"Polygon","coordinates":[[[-60.73094942964384,-31.64682590033549],[-60.729761529851466,-31.64725656026678],[-60.73049200031465,-31.6496692998546],[-60.73043797024357,-31.65017464014702],[-60.7299394600581,-31.651137950110638],[-60.73156568021695,-31.65080398026494],[-60.73156527956833,-31.64873426008903],[-60.73094942964384,-31.64682590033549]]]}},{"type":"Feature","id":"820633502","properties":{"radio":"820633502","population":799,"dwellings":266,"households":264,"rented_households":42,"occupied_dwellings":259,"rented_pct":15.9,"source":"INDEC · Censo 2022"},"geometry":{"type":"Polygon","coordinates":[[[-60.726334890030515,-31.647880329996834],[-60.727145950154465,-31.650500059803118],[-60.72848293974127,-31.650253450034548],[-60.72807702969193,-31.64889850010373],[-60.73014552999102,-31.64850341035164],[-60.729761529851466,-31.64725656026678],[-60.72715223027661,-31.64792077021261],[-60.72705063980112,-31.64773646968637],[-60.726334890030515,-31.647880329996834]]]}},{"type":"Feature","id":"820633503","properties":{"radio":"820633503","population":823,"dwellings":281,"households":275,"rented_households":27,"occupied_dwellings":269,"rented_pct":9.8,"source":"INDEC · Censo 2022"},"geometry":{"type":"Polygon","coordinates":[[[-60.727145950154465,-31.650500059803118],[-60.72745482957669,-31.651580510135027],[-60.7299394600581,-31.651137950110638],[-60.73049892991873,-31.6498812002623],[-60.73014552999102,-31.64850341035164],[-60.72807702969193,-31.64889850010373],[-60.72848293974127,-31.650253450034548],[-60.727145950154465,-31.650500059803118]]]}},{"type":"Feature","id":"820633504","properties":{"radio":"820633504","population":640,"dwellings":253,"households":235,"rented_households":61,"occupied_dwellings":234,"rented_pct":26.0,"source":"INDEC · Censo 2022"},"geometry":{"type":"Polygon","coordinates":[[[-60.72501394974457,-31.648153890331454],[-60.726133529964635,-31.651813490312946],[-60.72745482957669,-31.651580510135027],[-60.726334890030515,-31.647880329996834],[-60.72501394974457,-31.648153890331454]]]}},{"type":"Feature","id":"820633505","properties":{"radio":"820633505","population":513,"dwellings":243,"households":207,"rented_households":48,"occupied_dwellings":205,"rented_pct":23.2,"source":"INDEC · Censo 2022"},"geometry":{"type":"Polygon","coordinates":[[[-60.726133529964635,-31.651813490312946],[-60.72497056021804,-31.647996309753953],[-60.72354988986755,-31.64832451985976],[-60.72457541018917,-31.65209740981237],[-60.726133529964635,-31.651813490312946]]]}},{"type":"Feature","id":"820633506","properties":{"radio":"820633506","population":578,"dwellings":246,"households":228,"rented_households":68,"occupied_dwellings":222,"rented_pct":29.8,"source":"INDEC · Censo 2022"},"geometry":{"type":"Polygon","coordinates":[[[-60.721271090367196,-31.650159130361843],[-60.72209590010487,-31.652526300304014],[-60.72457541018917,-31.65209740981237],[-60.72392410016715,-31.649679670099697],[-60.721271090367196,-31.650159130361843]]]}},{"type":"Feature","id":"820633507","properties":{"radio":"820633507","population":535,"dwellings":321,"households":255,"rented_households":94,"occupied_dwellings":254,"rented_pct":36.9,"source":"INDEC · Censo 2022"},"geometry":{"type":"Polygon","coordinates":[[[-60.71700248029169,-31.649619530156226],[-60.717391660117165,-31.65087541025391],[-60.71866539034169,-31.65062475008413],[-60.71908628967986,-31.65188946027159],[-60.721002689929975,-31.65158104006884],[-60.720476100205374,-31.6502853696297],[-60.71976035043477,-31.650433700282676],[-60.71938689022843,-31.649168730166647],[-60.71700248029169,-31.649619530156226]]]}},{"type":"Feature","id":"820633508","properties":{"radio":"820633508","population":741,"dwellings":403,"households":337,"rented_households":162,"occupied_dwellings":332,"rented_pct":48.1,"source":"INDEC · Censo 2022"},"geometry":{"type":"Polygon","coordinates":[[[-60.716448659935885,-31.65232365025409],[-60.71609683026329,-31.651126179864384],[-60.717391660117165,-31.65087541025391],[-60.71700248029169,-31.649619530156226],[-60.71438671015185,-31.650148250110643],[-60.71514302963733,-31.652542900138346],[-60.716448659935885,-31.65232365025409]]]}},{"type":"Feature","id":"820633509","properties":{"radio":"820633509","population":239,"dwellings":163,"households":125,"rented_households":79,"occupied_dwellings":125,"rented_pct":63.2,"source":"INDEC · Censo 2022"},"geometry":{"type":"Polygon","coordinates":[[[-60.71676831015837,-31.653449149630998],[-60.716448659935885,-31.65232365025409],[-60.71514302963733,-31.652542900138346],[-60.71548378038753,-31.653672799876475],[-60.71676831015837,-31.653449149630998]]]}},{"type":"Feature","id":"820633510","properties":{"radio":"820633510","population":448,"dwellings":230,"households":192,"rented_households":55,"occupied_dwellings":191,"rented_pct":28.6,"source":"INDEC · Censo 2022"},"geometry":{"type":"Polygon","coordinates":[[[-60.71777013022785,-31.652108799884246],[-60.718126490104424,-31.653207040193287],[-60.72209590010487,-31.652526300304014],[-60.721271090367196,-31.650159130361843],[-60.720476100205374,-31.6502853696297],[-60.721002689929975,-31.65158104006884],[-60.71777013022785,-31.652108799884246]]]}},{"type":"Feature","id":"820633511","properties":{"radio":"820633511","population":411,"dwellings":277,"households":219,"rented_households":105,"occupied_dwellings":219,"rented_pct":47.9,"source":"INDEC · Censo 2022"},"geometry":{"type":"Polygon","coordinates":[[[-60.717391660117165,-31.65087541025391],[-60.71777013022785,-31.652108799884246],[-60.71908628967986,-31.65188946027159],[-60.71866539034169,-31.65062475008413],[-60.717391660117165,-31.65087541025391]]]}},{"type":"Feature","id":"820633512","properties":{"radio":"820633512","population":501,"dwellings":312,"households":272,"rented_households":138,"occupied_dwellings":271,"rented_pct":50.7,"source":"INDEC · Censo 2022"},"geometry":{"type":"Polygon","coordinates":[[[-60.718126490104424,-31.653207040193287],[-60.717391660117165,-31.65087541025391],[-60.71609683026329,-31.651126179864384],[-60.71676831015837,-31.653449149630998],[-60.718126490104424,-31.653207040193287]]]}}]}